unix,date,symbol,open,high,low,close,Volume ETH,Volume USD
1629936000000.0,2021-08-26 00:00:00,ETH/USD,3228.2,3236.0,3209.3,3214.3,1711.9077588899606,5502585.1094
1629849600000.0,2021-08-25 00:00:00,ETH/USD,3170.9,3249.1,3077.4,3228.2,124555.74680561923,402090861.8379
1629763200000.0,2021-08-24 00:00:00,ETH/USD,3322.5,3360.7,3148.2,3170.9,116090.45476464095,368111223.0132
1629676800000.0,2021-08-23 00:00:00,ETH/USD,3241.7,3400.0,3234.0,3322.5,135368.40627497365,449761529.8486
1629590400000.0,2021-08-22 00:00:00,ETH/USD,3226.3,3276.2,3127.1,3241.7,76247.41084292192,247171231.7295
1629504000000.0,2021-08-21 00:00:00,ETH/USD,3286.9,3311.9,3208.1,3226.4,75978.37710014258,245136635.8759
1629417600000.0,2021-08-20 00:00:00,ETH/USD,3185.5,3303.1,3179.1,3286.9,94929.27852651435,312023045.5888
1629331200000.0,2021-08-19 00:00:00,ETH/USD,3014.8,3200.0,2959.4,3185.5,117451.05471323182,374140334.789
1629244800000.0,2021-08-18 00:00:00,ETH/USD,3011.5,3127.4,2950.0,3014.9,129932.98858612224,391734967.2883
1629158400000.0,2021-08-17 00:00:00,ETH/USD,3147.2,3292.6,2989.0,3011.5,183605.93732389176,552929280.2509
1629072000000.0,2021-08-16 00:00:00,ETH/USD,3312.4,3341.3,3134.3,3147.2,124807.12943203482,392792997.7485
1628985600000.0,2021-08-15 00:00:00,ETH/USD,3266.1,3327.4,3112.1,3312.4,109870.88675999275,363936325.3038
1628899200000.0,2021-08-14 00:00:00,ETH/USD,3325.0,3334.8,3208.1,3266.1,74768.86083775757,244202576.3822
1628812800000.0,2021-08-13 00:00:00,ETH/USD,3046.9,3330.7,3035.3,3325.0,113425.31593467669,377139175.4828
1628726400000.0,2021-08-12 00:00:00,ETH/USD,3161.9,3240.5,2982.3,3046.9,132233.36961971183,402901853.8943
1628640000000.0,2021-08-11 00:00:00,ETH/USD,3142.6,3276.5,3120.2,3161.9,125084.2484679781,395503885.2309
1628553600000.0,2021-08-10 00:00:00,ETH/USD,3162.1,3236.0,3052.7,3142.6,128214.03546849743,402925427.8633
1628467200000.0,2021-08-09 00:00:00,ETH/USD,3013.7,3190.0,2895.0,3162.1,147592.22039524367,466701360.1118
1628380800000.0,2021-08-08 00:00:00,ETH/USD,3163.1,3194.4,2950.2,3013.7,151957.96386103463,457955715.688
1628294400000.0,2021-08-07 00:00:00,ETH/USD,2892.9,3174.5,2866.7,3163.1,149613.54784439318,473242613.1866
1628208000000.0,2021-08-06 00:00:00,ETH/USD,2829.2,2951.1,2721.6,2892.9,111418.9167495247,322323784.2647
1628121600000.0,2021-08-05 00:00:00,ETH/USD,2726.0,2846.2,2529.1,2829.2,187228.5890730242,529707124.2054
1628035200000.0,2021-08-04 00:00:00,ETH/USD,2507.3,2773.0,2458.0,2726.0,177777.13645601613,484620473.9791
1627948800000.0,2021-08-03 00:00:00,ETH/USD,2607.7,2632.9,2444.0,2507.3,211473.50981242768,530227531.1527
1627862400000.0,2021-08-02 00:00:00,ETH/USD,2556.0,2666.0,2505.0,2607.7,140425.96277689154,366188783.1333
1627776000000.0,2021-08-01 00:00:00,ETH/USD,2533.9,2698.5,2516.0,2555.9,129604.12933424626,331255194.1654
1627689600000.0,2021-07-31 00:00:00,ETH/USD,2463.3,2555.3,2423.4,2533.8,78351.58954739915,198527257.5952
1627603200000.0,2021-07-30 00:00:00,ETH/USD,2384.1,2473.9,2317.4,2463.4,140639.05154542503,346450239.577
1627516800000.0,2021-07-29 00:00:00,ETH/USD,2301.7,2406.3,2267.4,2384.1,93823.9298903989,223685631.2517
1627430400000.0,2021-07-28 00:00:00,ETH/USD,2300.3,2346.8,2246.2,2300.8,125341.65097974615,288386070.5742
1627344000000.0,2021-07-27 00:00:00,ETH/USD,2228.9,2319.5,2152.5,2300.3,195267.12915963135,449172977.2059
1627257600000.0,2021-07-26 00:00:00,ETH/USD,2192.0,2558.0,2174.1,2228.9,283769.63141177257,632494131.4537
1627171200000.0,2021-07-25 00:00:00,ETH/USD,2185.8,2199.0,2070.0,2192.0,85253.04202258211,186874668.1135
1627084800000.0,2021-07-24 00:00:00,ETH/USD,2125.2,2199.9,2106.4,2185.8,71562.40764543873,156421110.6314
1626998400000.0,2021-07-23 00:00:00,ETH/USD,2024.6,2132.7,1997.0,2125.2,108804.27330938265,231230841.6371
1626912000000.0,2021-07-22 00:00:00,ETH/USD,1996.3,2100.0,1948.7,2024.6,124847.05180870295,252765341.0919
1626825600000.0,2021-07-21 00:00:00,ETH/USD,1786.3,2042.3,1754.8,1996.2,164890.2546217313,329153926.2759
1626739200000.0,2021-07-20 00:00:00,ETH/USD,1818.6,1841.1,1718.8,1786.3,150977.96123120416,269691932.1473
1626652800000.0,2021-07-19 00:00:00,ETH/USD,1891.6,1918.4,1803.3,1818.6,90184.54345051138,164009610.7191
1626566400000.0,2021-07-18 00:00:00,ETH/USD,1899.5,1994.4,1878.6,1891.6,97882.87773546204,185155251.5244
1626480000000.0,2021-07-17 00:00:00,ETH/USD,1876.9,1920.0,1845.6,1899.5,73200.57372777046,139044489.7959
1626393600000.0,2021-07-16 00:00:00,ETH/USD,1919.3,1965.0,1850.0,1876.9,151624.28144498906,284583613.8441
1626307200000.0,2021-07-15 00:00:00,ETH/USD,1995.0,2042.2,1880.4,1919.3,113963.15261142084,218729478.8071
1626220800000.0,2021-07-14 00:00:00,ETH/USD,1940.5,2018.4,1864.0,1995.1,133776.67691123253,266897848.1056
1626134400000.0,2021-07-13 00:00:00,ETH/USD,2032.4,2047.0,1917.3,1940.5,114272.74422066478,221746260.1602
1626048000000.0,2021-07-12 00:00:00,ETH/USD,2140.7,2168.1,2003.0,2032.4,86174.96575152529,175142000.3934
1625961600000.0,2021-07-11 00:00:00,ETH/USD,2111.0,2176.2,2081.1,2140.7,60952.77971051526,130481615.5263
1625875200000.0,2021-07-10 00:00:00,ETH/USD,2147.7,2194.0,2075.0,2111.0,99288.73536101374,209598520.3471
1625788800000.0,2021-07-09 00:00:00,ETH/USD,2116.0,2189.1,2048.5,2147.7,138939.7516315128,298400904.579
1625702400000.0,2021-07-08 00:00:00,ETH/USD,2316.8,2325.6,2083.7,2116.0,165838.6609652174,350914606.6024
1625616000000.0,2021-07-07 00:00:00,ETH/USD,2322.8,2410.4,2294.2,2316.8,116265.44160997926,269363775.122
1625529600000.0,2021-07-06 00:00:00,ETH/USD,2196.8,2380.0,2193.8,2322.8,140839.73998523332,327142548.0377
1625443200000.0,2021-07-05 00:00:00,ETH/USD,2323.2,2324.8,2159.2,2196.8,139753.5516349235,307010602.2316
1625356800000.0,2021-07-04 00:00:00,ETH/USD,2227.6,2398.2,2190.0,2323.5,95354.40210768237,221555953.2972
1625270400000.0,2021-07-03 00:00:00,ETH/USD,2155.0,2240.0,2113.0,2227.6,61686.07254044712,137411895.1911
1625184000000.0,2021-07-02 00:00:00,ETH/USD,2106.3,2160.0,2016.9,2155.0,87352.04308946636,188243652.8578
1625097600000.0,2021-07-01 00:00:00,ETH/USD,2276.6,2277.3,2072.0,2106.3,122988.1273638133,259049892.6664
1625011200000.0,2021-06-30 00:00:00,ETH/USD,2165.7,2289.9,2089.3,2276.6,112250.82017618378,255550217.2131
1624924800000.0,2021-06-29 00:00:00,ETH/USD,2084.5,2246.3,2074.1,2165.7,119633.19907198598,259089619.2302
1624838400000.0,2021-06-28 00:00:00,ETH/USD,1983.1,2147.4,1962.0,2084.5,115375.55462993524,240500343.6261
1624752000000.0,2021-06-27 00:00:00,ETH/USD,1829.5,1986.3,1806.2,1983.1,77132.99302077557,152962438.4595
1624665600000.0,2021-06-26 00:00:00,ETH/USD,1809.2,1852.3,1716.1,1829.5,114213.50971719048,208953616.0276
1624579200000.0,2021-06-25 00:00:00,ETH/USD,1990.1,2021.0,1790.5,1809.2,137832.7893737011,249367082.5349
1624492800000.0,2021-06-24 00:00:00,ETH/USD,1968.6,2037.4,1885.7,1990.1,64641.50229631677,128643053.7199
1624406400000.0,2021-06-23 00:00:00,ETH/USD,1880.1,2045.1,1822.9,1968.6,116795.48839022656,229923598.445
1624320000000.0,2021-06-22 00:00:00,ETH/USD,1885.6,1997.4,1699.9,1880.1,229633.71237599067,431734342.6381
1624233600000.0,2021-06-21 00:00:00,ETH/USD,2243.3,2259.6,1860.0,1885.0,291397.7911546949,549284836.3266
1624147200000.0,2021-06-20 00:00:00,ETH/USD,2163.8,2276.5,2042.0,2243.3,77404.04260776534,173640488.782
1624060800000.0,2021-06-19 00:00:00,ETH/USD,2234.0,2278.6,2161.4,2163.8,65713.79995105832,142191520.3341
1623974400000.0,2021-06-18 00:00:00,ETH/USD,2373.3,2377.3,2137.6,2234.0,133151.52409427037,297460504.8266
1623888000000.0,2021-06-17 00:00:00,ETH/USD,2367.3,2461.1,2304.5,2373.3,73318.94369316984,174007849.067
1623801600000.0,2021-06-16 00:00:00,ETH/USD,2543.3,2557.4,2351.1,2367.3,82049.5473926414,194235893.5426
1623715200000.0,2021-06-15 00:00:00,ETH/USD,2582.1,2640.9,2508.0,2543.3,65842.39446066135,167456961.8318
1623628800000.0,2021-06-14 00:00:00,ETH/USD,2509.9,2637.6,2462.3,2582.1,54947.93279807134,141881057.2779
1623542400000.0,2021-06-13 00:00:00,ETH/USD,2371.2,2549.9,2309.0,2509.8,64142.6626174994,160985254.6374
1623456000000.0,2021-06-12 00:00:00,ETH/USD,2353.8,2454.4,2256.7,2371.2,75381.99147684718,178745778.1899
1623369600000.0,2021-06-11 00:00:00,ETH/USD,2472.1,2498.5,2319.9,2353.9,76421.43042716343,179888405.0825
1623283200000.0,2021-06-10 00:00:00,ETH/USD,2611.8,2625.9,2427.4,2472.1,89355.00609392824,220894510.5648
1623196800000.0,2021-06-09 00:00:00,ETH/USD,2509.6,2628.6,2406.8,2612.3,128597.87612540672,335936231.8024
1623110400000.0,2021-06-08 00:00:00,ETH/USD,2592.3,2622.1,2308.8,2509.6,255742.6426724976,641811736.0509
1623024000000.0,2021-06-07 00:00:00,ETH/USD,2712.8,2859.0,2570.0,2592.3,192235.787912703,498332833.0061
1622937600000.0,2021-06-06 00:00:00,ETH/USD,2627.3,2746.9,2614.6,2712.8,84793.07233751105,230026646.6372
1622851200000.0,2021-06-05 00:00:00,ETH/USD,2691.0,2817.6,2553.2,2627.3,135744.8168281125,356642357.2525
1622764800000.0,2021-06-04 00:00:00,ETH/USD,2857.1,2860.4,2552.0,2691.0,191687.34921014492,515830656.7245
1622678400000.0,2021-06-03 00:00:00,ETH/USD,2706.8,2896.5,2662.9,2857.1,139053.7205385181,397290384.9506
1622592000000.0,2021-06-02 00:00:00,ETH/USD,2634.5,2803.2,2551.7,2706.8,137767.17125188414,372908179.1446
1622505600000.0,2021-06-01 00:00:00,ETH/USD,2707.1,2741.3,2527.0,2634.5,175584.00297388498,462576055.8347
1622419200000.0,2021-05-31 00:00:00,ETH/USD,2387.5,2720.0,2269.0,2707.1,186080.8242987699,503739399.4592
1622332800000.0,2021-05-30 00:00:00,ETH/USD,2280.0,2478.9,2182.3,2387.5,177987.69852356022,424945630.225
1622246400000.0,2021-05-29 00:00:00,ETH/USD,2413.0,2575.4,2208.3,2279.9,261451.5877229264,596083474.8495
1622160000000.0,2021-05-28 00:00:00,ETH/USD,2745.7,2764.4,2330.0,2413.0,280884.6071108164,677774556.9584
1622073600000.0,2021-05-27 00:00:00,ETH/USD,2890.6,2895.0,2643.0,2745.7,183898.46627497542,504930018.8512
1621987200000.0,2021-05-26 00:00:00,ETH/USD,2708.5,2915.5,2650.0,2890.6,192468.46652383587,556349349.3338
1621900800000.0,2021-05-25 00:00:00,ETH/USD,2652.1,2754.0,2386.1,2708.5,285371.23488200107,772927989.6779
1621814400000.0,2021-05-24 00:00:00,ETH/USD,2098.5,2676.2,2051.0,2652.1,283059.7639955884,750702800.0927
1621728000000.0,2021-05-23 00:00:00,ETH/USD,2296.7,2382.2,1730.0,2098.5,434746.4798955444,912315488.0608
1621641600000.0,2021-05-22 00:00:00,ETH/USD,2434.7,2500.0,2153.3,2296.7,263978.38726990897,606279162.0428
1621555200000.0,2021-05-21 00:00:00,ETH/USD,2773.2,2944.1,2105.0,2434.7,341306.36100620206,830978597.1418
1621468800000.0,2021-05-20 00:00:00,ETH/USD,2443.0,2993.8,2154.0,2773.2,335622.6647235324,930748773.8113
1621382400000.0,2021-05-19 00:00:00,ETH/USD,3377.3,3442.4,1821.8,2454.0,667601.0296215566,1638292926.6913
1621296000000.0,2021-05-18 00:00:00,ETH/USD,3283.9,3567.7,3240.9,3377.3,154966.49410170846,523368340.5297
1621209600000.0,2021-05-17 00:00:00,ETH/USD,3584.8,3589.4,3118.4,3282.9,245068.8415294709,804536499.8571
1621123200000.0,2021-05-16 00:00:00,ETH/USD,3648.0,3883.4,3349.2,3584.8,199072.74699266345,713635983.4193
1621036800000.0,2021-05-15 00:00:00,ETH/USD,4080.6,4137.6,3632.0,3648.0,143513.02345685306,523535509.5706
1620950400000.0,2021-05-14 00:00:00,ETH/USD,3719.0,4178.2,3691.8,4080.6,107578.99412147724,438986843.4121
1620864000000.0,2021-05-13 00:00:00,ETH/USD,3823.6,4039.6,3530.5,3719.0,288901.857878193,1074426009.449
1620777600000.0,2021-05-12 00:00:00,ETH/USD,4179.1,4381.4,3735.0,3824.2,168369.714938157,643879463.8665
1620691200000.0,2021-05-11 00:00:00,ETH/USD,3948.9,4185.9,3775.9,4179.1,140759.48042650332,588247944.6504
1620604800000.0,2021-05-10 00:00:00,ETH/USD,3928.5,4213.3,3610.7,3948.9,161839.20294998607,639086828.5292
1620518400000.0,2021-05-09 00:00:00,ETH/USD,3915.7,3986.0,3725.0,3928.5,71432.14413552247,280621178.2364
1620432000000.0,2021-05-08 00:00:00,ETH/USD,3482.2,3963.6,3452.3,3915.7,85439.77852779835,334556540.7813
1620345600000.0,2021-05-07 00:00:00,ETH/USD,3490.9,3590.8,3352.8,3482.2,78382.41438627879,272943243.3759
1620259200000.0,2021-05-06 00:00:00,ETH/USD,3529.8,3611.6,3378.2,3490.9,92121.9513482483,321588519.9616
1620172800000.0,2021-05-05 00:00:00,ETH/USD,3238.4,3548.6,3207.7,3529.8,130314.28233452319,459983353.7844
1620086400000.0,2021-05-04 00:00:00,ETH/USD,3431.3,3528.6,3162.1,3238.6,213586.2220742605,691720338.8097
1620000000000.0,2021-05-03 00:00:00,ETH/USD,2951.3,3456.6,2951.3,3431.3,115348.19757325212,395794270.3331
1619913600000.0,2021-05-02 00:00:00,ETH/USD,2947.8,2985.8,2852.6,2951.3,53748.42590644801,158627729.3777
1619827200000.0,2021-05-01 00:00:00,ETH/USD,2775.0,2957.3,2755.2,2947.8,63765.157586437344,187966931.5333
1619740800000.0,2021-04-30 00:00:00,ETH/USD,2759.0,2801.7,2726.3,2775.0,58386.2054525045,162021720.1307
1619654400000.0,2021-04-29 00:00:00,ETH/USD,2748.4,2800.7,2669.6,2759.0,69835.69297944907,192676676.9303
1619568000000.0,2021-04-28 00:00:00,ETH/USD,2669.5,2765.2,2563.4,2748.4,94701.39440689128,260277312.3879
1619481600000.0,2021-04-27 00:00:00,ETH/USD,2534.0,2684.0,2483.4,2669.5,68141.76822824498,181904450.2853
1619395200000.0,2021-04-26 00:00:00,ETH/USD,2322.3,2544.8,2305.0,2534.8,101780.72480684865,257993781.2404
1619308800000.0,2021-04-25 00:00:00,ETH/USD,2214.6,2357.4,2163.9,2322.3,71216.81933079274,165386819.5319
1619222400000.0,2021-04-24 00:00:00,ETH/USD,2368.7,2370.2,2155.2,2214.6,105834.83962769802,234381835.8395
1619136000000.0,2021-04-23 00:00:00,ETH/USD,2400.1,2442.7,2107.9,2368.7,278366.79417811456,659367425.3697
1619049600000.0,2021-04-22 00:00:00,ETH/USD,2357.6,2645.9,2301.9,2400.0,209568.58111416668,502964594.674
1618963200000.0,2021-04-21 00:00:00,ETH/USD,2333.9,2470.2,2237.1,2357.6,95736.25342555989,225707791.0761
1618876800000.0,2021-04-20 00:00:00,ETH/USD,2161.6,2349.4,2051.4,2333.9,109576.2980884785,255740122.1087
1618790400000.0,2021-04-19 00:00:00,ETH/USD,2240.3,2282.5,2078.0,2161.6,91445.8717657291,197669396.4088
1618704000000.0,2021-04-18 00:00:00,ETH/USD,2317.4,2339.8,1925.0,2240.3,159785.87639441143,357968298.8864
1618617600000.0,2021-04-17 00:00:00,ETH/USD,2424.8,2498.4,2310.3,2317.4,56691.05056347631,131375840.5758
1618531200000.0,2021-04-16 00:00:00,ETH/USD,2517.6,2549.2,2303.6,2424.8,103563.22207406795,251120100.8852
1618444800000.0,2021-04-15 00:00:00,ETH/USD,2432.9,2546.8,2401.0,2517.6,95091.9131684938,239403400.593
1618358400000.0,2021-04-14 00:00:00,ETH/USD,2300.3,2446.5,2279.8,2432.9,72821.667808048,177167835.6102
1618272000000.0,2021-04-13 00:00:00,ETH/USD,2136.5,2317.4,2134.9,2300.3,46653.30145337564,107316589.3332
1618185600000.0,2021-04-12 00:00:00,ETH/USD,2150.2,2202.1,2101.0,2136.5,36133.544479756616,77199317.781
1618099200000.0,2021-04-11 00:00:00,ETH/USD,2133.2,2164.3,2112.1,2150.2,24843.77396437541,53419082.7782
1618012800000.0,2021-04-10 00:00:00,ETH/USD,2065.4,2198.6,2056.8,2133.2,45917.09889757173,97950355.3683
1617926400000.0,2021-04-09 00:00:00,ETH/USD,2080.7,2101.5,2048.9,2065.4,29628.382611455407,61194461.4457
1617840000000.0,2021-04-08 00:00:00,ETH/USD,1962.1,2084.5,1945.0,2080.8,31520.070292531716,65586962.2647
1617753600000.0,2021-04-07 00:00:00,ETH/USD,2113.0,2129.5,1930.6,1962.1,69782.03071826104,136919322.4723
1617667200000.0,2021-04-06 00:00:00,ETH/USD,2108.1,2151.9,2044.8,2113.0,57101.59964311406,120655680.0459
1617580800000.0,2021-04-05 00:00:00,ETH/USD,2077.2,2132.8,2001.7,2108.1,56908.37231734738,119968539.6822
1617494400000.0,2021-04-04 00:00:00,ETH/USD,2008.2,2092.4,1971.9,2077.2,47968.002847101874,99639135.514
1617408000000.0,2021-04-03 00:00:00,ETH/USD,2134.2,2139.2,2002.2,2008.2,77805.42146628822,156248847.3886
1617321600000.0,2021-04-02 00:00:00,ETH/USD,1967.9,2145.1,1948.4,2134.2,48674.55068456565,103881226.071
1617235200000.0,2021-04-01 00:00:00,ETH/USD,1921.1,1985.8,1884.6,1967.9,56315.00810808476,110822304.4559
1617148800000.0,2021-03-31 00:00:00,ETH/USD,1841.6,1949.7,1771.0,1921.1,46119.92040799542,88600979.0958
1617062400000.0,2021-03-30 00:00:00,ETH/USD,1816.8,1860.0,1786.3,1841.6,26446.47355033667,48703825.6903
1616976000000.0,2021-03-29 00:00:00,ETH/USD,1687.0,1842.7,1677.7,1816.8,44756.89094138045,81314319.4623
1616889600000.0,2021-03-28 00:00:00,ETH/USD,1713.8,1725.9,1662.0,1687.0,13006.95347403675,21942730.5107
1616803200000.0,2021-03-27 00:00:00,ETH/USD,1700.0,1733.6,1666.5,1713.8,12428.996241568444,21300813.7588
1616716800000.0,2021-03-26 00:00:00,ETH/USD,1586.1,1701.3,1585.9,1700.0,24284.469404411764,41283597.9875
1616630400000.0,2021-03-25 00:00:00,ETH/USD,1581.0,1622.8,1548.4,1586.1,68235.88472921001,108228936.769
1616544000000.0,2021-03-24 00:00:00,ETH/USD,1667.9,1740.5,1546.0,1581.0,56195.7634345351,88845501.99
1616457600000.0,2021-03-23 00:00:00,ETH/USD,1681.3,1721.9,1650.7,1667.9,39886.54315060855,66526765.3209
1616371200000.0,2021-03-22 00:00:00,ETH/USD,1783.9,1807.0,1654.3,1681.3,37579.341424017126,63182146.7362
1616284800000.0,2021-03-21 00:00:00,ETH/USD,1805.0,1817.6,1747.3,1783.9,34039.37188811032,60722835.5112
1616198400000.0,2021-03-20 00:00:00,ETH/USD,1809.6,1868.8,1801.1,1805.0,23542.53567828255,42494276.8993
1616112000000.0,2021-03-19 00:00:00,ETH/USD,1775.6,1841.7,1733.7,1809.6,45270.66815959329,81921801.1016
1616025600000.0,2021-03-18 00:00:00,ETH/USD,1824.3,1849.7,1758.6,1775.6,26182.51264389502,46489669.4505
1615939200000.0,2021-03-17 00:00:00,ETH/USD,1806.1,1840.6,1742.1,1824.4,33643.281634784034,61378803.0145
1615852800000.0,2021-03-16 00:00:00,ETH/USD,1794.9,1818.5,1712.2,1806.1,43494.41570627319,78555264.2071
1615766400000.0,2021-03-15 00:00:00,ETH/USD,1848.1,1891.0,1734.7,1794.9,80723.57545879993,144890745.591
1615680000000.0,2021-03-14 00:00:00,ETH/USD,1921.6,1932.4,1836.9,1848.1,38666.35169855528,71459284.5741
1615593600000.0,2021-03-13 00:00:00,ETH/USD,1766.0,1944.0,1726.9,1921.6,47538.891983087015,91350734.8347
1615507200000.0,2021-03-12 00:00:00,ETH/USD,1827.4,1843.1,1710.7,1766.0,51518.93501766704,90982439.2412
1615420800000.0,2021-03-11 00:00:00,ETH/USD,1794.2,1847.6,1723.8,1827.4,43514.30106758235,79518033.7709
1615334400000.0,2021-03-10 00:00:00,ETH/USD,1871.7,1879.9,1758.2,1794.2,79722.39293060974,143037917.3961
1615248000000.0,2021-03-09 00:00:00,ETH/USD,1833.9,1871.8,1801.3,1871.7,41896.177352032915,78417075.1498
1615161600000.0,2021-03-08 00:00:00,ETH/USD,1726.5,1844.6,1666.1,1833.9,42638.706762309834,78195124.3314
1615075200000.0,2021-03-07 00:00:00,ETH/USD,1651.3,1734.6,1630.9,1726.5,34721.417492151755,59946527.3002
1614988800000.0,2021-03-06 00:00:00,ETH/USD,1528.8,1671.9,1512.6,1651.3,45366.3932346636,74913525.1484
1614902400000.0,2021-03-05 00:00:00,ETH/USD,1538.5,1549.7,1442.3,1528.8,38858.60524221612,59407035.6943
1614816000000.0,2021-03-04 00:00:00,ETH/USD,1568.5,1625.3,1501.5,1538.5,36245.16546447839,55763187.0671
1614729600000.0,2021-03-03 00:00:00,ETH/USD,1487.8,1657.1,1476.9,1568.6,33892.38314369501,53163592.1992
1614643200000.0,2021-03-02 00:00:00,ETH/USD,1571.7,1604.9,1456.1,1487.8,47129.86941665546,70119819.7181
1614556800000.0,2021-03-01 00:00:00,ETH/USD,1420.9,1573.9,1412.2,1571.7,52328.850181459566,82245253.8302
1614470400000.0,2021-02-28 00:00:00,ETH/USD,1459.3,1469.4,1292.4,1420.9,103822.61594264199,147521554.9929
1614384000000.0,2021-02-27 00:00:00,ETH/USD,1444.0,1527.7,1423.4,1459.3,40159.88789570342,58605324.4062
1614297600000.0,2021-02-26 00:00:00,ETH/USD,1481.2,1562.8,1400.0,1444.0,82737.81165006926,119473400.0227
1614211200000.0,2021-02-25 00:00:00,ETH/USD,1623.8,1672.8,1457.8,1481.2,88042.07690825006,130407924.3165
1614124800000.0,2021-02-24 00:00:00,ETH/USD,1577.9,1714.4,1499.9,1623.8,74378.52519805395,120775849.2166
1614038400000.0,2021-02-23 00:00:00,ETH/USD,1777.3,1782.5,1370.0,1578.1,169061.74235846906,266796335.6159
1613952000000.0,2021-02-22 00:00:00,ETH/USD,1935.1,1938.4,1550.0,1777.3,97912.39815270354,174019705.2368
1613865600000.0,2021-02-21 00:00:00,ETH/USD,1914.1,1976.3,1884.1,1935.1,31366.90716577955,60698102.0565
1613779200000.0,2021-02-20 00:00:00,ETH/USD,1957.2,2043.3,1801.6,1914.1,53297.02097732616,102015827.8527
1613692800000.0,2021-02-19 00:00:00,ETH/USD,1938.6,2155.0,1760.7,1957.2,37602.165951767834,73594959.2008
1613606400000.0,2021-02-18 00:00:00,ETH/USD,1850.6,1950.5,1850.6,1938.6,39611.471694109154,76790799.0262
1613520000000.0,2021-02-17 00:00:00,ETH/USD,1782.3,1857.1,1733.6,1850.6,49694.80918042797,91965213.8693
1613433600000.0,2021-02-16 00:00:00,ETH/USD,1779.0,1828.6,1724.9,1782.3,36211.1622675756,64539154.5095
1613347200000.0,2021-02-15 00:00:00,ETH/USD,1802.1,1837.0,1663.9,1779.0,41888.81086048341,74520194.5208
1613260800000.0,2021-02-14 00:00:00,ETH/USD,1817.4,1852.6,1783.6,1802.1,32240.073386382555,58099836.2496
1613174400000.0,2021-02-13 00:00:00,ETH/USD,1844.8,1876.9,1764.6,1817.4,55065.20050137559,100075495.3912
1613088000000.0,2021-02-12 00:00:00,ETH/USD,1788.3,1869.6,1739.3,1844.8,42056.52828686036,77585883.3836
1613001600000.0,2021-02-11 00:00:00,ETH/USD,1741.8,1820.4,1703.6,1788.3,36619.97733461947,65487505.4675
1612915200000.0,2021-02-10 00:00:00,ETH/USD,1770.8,1840.0,1678.4,1741.8,45137.808090768165,78621034.1325
1612828800000.0,2021-02-09 00:00:00,ETH/USD,1751.6,1825.0,1706.0,1770.8,36623.64255822227,64853146.2421
1612742400000.0,2021-02-08 00:00:00,ETH/USD,1614.6,1780.0,1566.2,1751.6,46087.35524531856,80726611.4477
1612656000000.0,2021-02-07 00:00:00,ETH/USD,1678.4,1694.4,1492.3,1614.6,54339.21805357365,87736101.4693
1612569600000.0,2021-02-06 00:00:00,ETH/USD,1720.7,1744.9,1644.9,1678.4,35575.80826507388,59710436.5921
1612483200000.0,2021-02-05 00:00:00,ETH/USD,1597.0,1764.7,1591.6,1720.7,39505.94152606498,67977873.5839
1612396800000.0,2021-02-04 00:00:00,ETH/USD,1666.8,1698.9,1557.3,1597.0,50406.155732373205,80498630.7046
1612310400000.0,2021-02-03 00:00:00,ETH/USD,1512.8,1672.4,1509.1,1666.8,41728.358995740346,69552828.7741
1612224000000.0,2021-02-02 00:00:00,ETH/USD,1375.0,1549.5,1361.0,1512.8,59570.72997801428,90118600.31074
1612137600000.0,2021-02-01 00:00:00,ETH/USD,1312.8,1378.0,1269.3,1375.0,41776.30746967273,57442422.7708
1612051200000.0,2021-01-31 00:00:00,ETH/USD,1379.4,1382.0,1281.3,1312.8,32478.828918875686,42638206.6047
1611964800000.0,2021-01-30 00:00:00,ETH/USD,1379.2,1407.3,1325.9,1379.4,42223.185993040446,58242662.7588
1611878400000.0,2021-01-29 00:00:00,ETH/USD,1332.2,1442.5,1287.5,1379.2,92373.29801834396,127401252.6269
1611792000000.0,2021-01-28 00:00:00,ETH/USD,1240.4,1362.2,1219.1,1332.2,50540.60997267677,67330200.6056
1611705600000.0,2021-01-27 00:00:00,ETH/USD,1368.5,1375.8,1207.1,1240.4,68276.28398839083,84689902.6592
1611619200000.0,2021-01-26 00:00:00,ETH/USD,1317.3,1378.0,1244.8,1368.5,64829.693857289,88719436.0437
1611532800000.0,2021-01-25 00:00:00,ETH/USD,1394.6,1478.2,1291.9,1317.3,64740.92733538298,85283223.5789
1611446400000.0,2021-01-24 00:00:00,ETH/USD,1233.9,1400.4,1221.4,1394.6,41743.0241795497,58214821.5208
1611360000000.0,2021-01-23 00:00:00,ETH/USD,1234.3,1273.8,1197.2,1233.9,26157.746948294025,32276043.9595
1611273600000.0,2021-01-22 00:00:00,ETH/USD,1110.8,1274.4,1041.0,1234.3,80212.17689872802,99005889.9461
1611187200000.0,2021-01-21 00:00:00,ETH/USD,1377.9,1389.4,1080.0,1110.8,109706.79522722363,121862308.1384
1611100800000.0,2021-01-20 00:00:00,ETH/USD,1366.6,1408.4,1233.6,1378.1,58854.66969356361,81107620.3047
1611014400000.0,2021-01-19 00:00:00,ETH/USD,1259.1,1439.6,1252.5,1367.3,69604.95458686462,95170854.40662
1610928000000.0,2021-01-18 00:00:00,ETH/USD,1232.4,1262.9,1182.5,1259.1,31363.61197529982,39489923.8381
1610841600000.0,2021-01-17 00:00:00,ETH/USD,1228.3,1270.6,1164.8,1232.4,38754.25096113274,47760738.8845
1610755200000.0,2021-01-16 00:00:00,ETH/USD,1167.9,1292.7,1151.3,1228.3,56370.41031751201,69239774.993
1610668800000.0,2021-01-15 00:00:00,ETH/USD,1231.5,1255.3,1070.0,1167.9,73283.60378559808,85587920.8612
1610582400000.0,2021-01-14 00:00:00,ETH/USD,1130.4,1247.0,1086.2,1231.5,47084.87918968737,57985028.7221
1610496000000.0,2021-01-13 00:00:00,ETH/USD,1048.8,1137.5,986.1,1130.4,48916.369013888885,55295063.5333
1610409600000.0,2021-01-12 00:00:00,ETH/USD,1087.9,1151.1,1006.2,1048.8,66112.78057427536,69339084.2663
1610323200000.0,2021-01-11 00:00:00,ETH/USD,1254.5,1259.8,913.0,1087.9,144862.67363779756,157596102.65056
1610236800000.0,2021-01-10 00:00:00,ETH/USD,1279.5,1353.5,1161.7,1254.5,66616.44520095656,83570330.5046
1610150400000.0,2021-01-09 00:00:00,ETH/USD,1217.3,1309.18,1171.6,1279.5,46199.406757491204,59112140.94621
1610064000000.0,2021-01-08 00:00:00,ETH/USD,1226.19,1275.78,1059.88,1217.3,90900.50827837017,110653188.72726
1609977600000.0,2021-01-07 00:00:00,ETH/USD,1211.3,1291.82,1138.37,1226.19,72505.80358622236,88905891.29939
1609891200000.0,2021-01-06 00:00:00,ETH/USD,1103.57,1217.0,1059.23,1211.3,67700.75818428962,82005928.38863
1609804800000.0,2021-01-05 00:00:00,ETH/USD,1042.67,1136.24,974.38,1103.57,74283.77234888589,81977342.65106
1609718400000.0,2021-01-04 00:00:00,ETH/USD,979.91,1169.9,888.5,1042.67,118929.94064438411,124004681.21168
1609632000000.0,2021-01-03 00:00:00,ETH/USD,775.09,1017.36,769.88,979.91,75723.85680067558,74202564.51755
1609545600000.0,2021-01-02 00:00:00,ETH/USD,730.69,788.88,716.31,775.09,50102.762608548685,38834150.27026
1609459200000.0,2021-01-01 00:00:00,ETH/USD,737.28,750.41,716.32,730.69,27311.415374864853,19956178.10026
1609372800000.0,2020-12-31 00:00:00,ETH/USD,752.2,755.83,723.35,737.27,67592.94698570401,49834252.02415
1609286400000.0,2020-12-30 00:00:00,ETH/USD,731.55,758.6,715.86,752.2,28953.90781980856,21779129.46206
1609200000000.0,2020-12-29 00:00:00,ETH/USD,729.16,739.39,688.0,731.55,42511.40445063222,31099217.92586
1609113600000.0,2020-12-28 00:00:00,ETH/USD,684.09,746.83,681.15,729.16,51724.33814420704,37715318.40123
1609027200000.0,2020-12-27 00:00:00,ETH/USD,636.73,716.57,623.65,684.09,62847.58571532985,42993404.912
1608940800000.0,2020-12-26 00:00:00,ETH/USD,626.6,652.79,615.4,636.73,21810.481774566924,13887388.06032
1608854400000.0,2020-12-25 00:00:00,ETH/USD,612.22,634.05,603.64,626.6,11893.436477864667,7452427.29703
1608768000000.0,2020-12-24 00:00:00,ETH/USD,585.04,614.69,565.07,612.22,26650.340753862987,16315871.61633
1608681600000.0,2020-12-23 00:00:00,ETH/USD,636.93,638.61,546.28,585.04,43007.44215144264,25161073.95628
1608595200000.0,2020-12-22 00:00:00,ETH/USD,608.03,637.99,586.85,636.93,22308.46723757713,14208932.03763
1608508800000.0,2020-12-21 00:00:00,ETH/USD,638.09,648.19,595.45,608.03,41176.19452665165,25036361.55804
1608422400000.0,2020-12-20 00:00:00,ETH/USD,659.02,661.49,621.55,638.09,19765.033364055227,12611870.13927
1608336000000.0,2020-12-19 00:00:00,ETH/USD,654.74,671.17,646.46,659.02,22062.170292631483,14539411.46625
1608249600000.0,2020-12-18 00:00:00,ETH/USD,643.59,664.45,629.57,654.74,30711.283845098817,20107905.98474
1608163200000.0,2020-12-17 00:00:00,ETH/USD,638.01,676.71,623.06,643.59,53381.192950045835,34355601.97072
1608076800000.0,2020-12-16 00:00:00,ETH/USD,589.0,639.5,581.1,638.01,28347.371863763892,18085906.7228
1607990400000.0,2020-12-15 00:00:00,ETH/USD,586.15,597.32,578.91,589.0,11954.366188370119,7041121.68495
1607904000000.0,2020-12-14 00:00:00,ETH/USD,590.69,591.64,575.54,586.15,16090.733244374307,9431583.29119
1607817600000.0,2020-12-13 00:00:00,ETH/USD,568.27,595.0,563.78,590.69,16774.53329944641,9908549.07465
1607731200000.0,2020-12-12 00:00:00,ETH/USD,544.18,574.23,542.95,568.44,21243.895373531064,12075879.88613
1607644800000.0,2020-12-11 00:00:00,ETH/USD,558.76,560.51,534.23,544.18,28895.59154079533,15724403.00467
1607558400000.0,2020-12-10 00:00:00,ETH/USD,573.47,575.72,548.12,558.76,17647.104930542628,9860496.35099
1607472000000.0,2020-12-09 00:00:00,ETH/USD,554.63,578.18,530.08,573.47,28454.729347847315,16317933.63911
1607385600000.0,2020-12-08 00:00:00,ETH/USD,591.57,595.22,548.81,554.51,23293.752349028873,12916618.61506
1607299200000.0,2020-12-07 00:00:00,ETH/USD,602.09,603.47,584.54,591.57,9639.352316733437,5702351.65001
1607212800000.0,2020-12-06 00:00:00,ETH/USD,597.26,607.84,583.55,602.09,15678.301367519805,9439748.47037
1607126400000.0,2020-12-05 00:00:00,ETH/USD,567.72,597.62,561.19,597.26,14936.526801543716,8920989.99749
1607040000000.0,2020-12-04 00:00:00,ETH/USD,616.54,620.64,565.5,567.72,32028.724221024448,18183347.31476
1606953600000.0,2020-12-03 00:00:00,ETH/USD,597.4,624.04,586.4,616.54,15839.889550767184,9765925.50363
1606867200000.0,2020-12-02 00:00:00,ETH/USD,585.69,605.0,575.0,597.41,18793.543019333458,11227450.53518
1606780800000.0,2020-12-01 00:00:00,ETH/USD,617.0,636.66,560.0,585.69,55179.89836546637,32318314.67367
1606694400000.0,2020-11-30 00:00:00,ETH/USD,576.58,617.0,571.06,617.0,48869.69267105348,30152600.37804
1606608000000.0,2020-11-29 00:00:00,ETH/USD,537.9,577.32,531.3,576.58,22192.852561708693,12795954.93003
1606521600000.0,2020-11-28 00:00:00,ETH/USD,519.16,548.7,507.09,537.87,30467.795285050288,16387713.04997
1606435200000.0,2020-11-27 00:00:00,ETH/USD,520.45,530.97,493.89,519.16,52393.709541258955,27200718.24544
1606348800000.0,2020-11-26 00:00:00,ETH/USD,569.26,576.88,480.67,520.45,128946.38433075223,67110145.72494
1606262400000.0,2020-11-25 00:00:00,ETH/USD,605.45,606.47,555.25,569.31,50729.72899945548,28880942.01668
1606176000000.0,2020-11-24 00:00:00,ETH/USD,609.14,623.45,589.0,605.45,83135.3989043191,50334327.26662
1606089600000.0,2020-11-23 00:00:00,ETH/USD,560.62,611.21,550.89,609.14,90821.06324145517,55322742.4629
1606003200000.0,2020-11-22 00:00:00,ETH/USD,552.74,581.64,510.51,560.62,97251.54511005672,54521161.2196
1605916800000.0,2020-11-21 00:00:00,ETH/USD,510.33,553.7,503.16,552.73,55877.36341687623,30885095.08141
1605830400000.0,2020-11-20 00:00:00,ETH/USD,471.65,514.62,471.15,510.33,54140.588464914865,27629566.5113
1605744000000.0,2020-11-19 00:00:00,ETH/USD,478.74,480.99,465.25,471.65,22313.0418725538,10523946.19919
1605657600000.0,2020-11-18 00:00:00,ETH/USD,482.81,495.57,457.92,478.74,47219.491155971926,22605859.19601
1605571200000.0,2020-11-17 00:00:00,ETH/USD,460.96,485.3,460.22,482.81,37354.32803079886,18035043.11655
1605484800000.0,2020-11-16 00:00:00,ETH/USD,448.39,466.22,445.9,460.96,24281.414966960256,11192761.04317
1605398400000.0,2020-11-15 00:00:00,ETH/USD,461.16,463.13,440.51,448.39,35610.44030065345,15967365.32641
1605312000000.0,2020-11-14 00:00:00,ETH/USD,477.02,477.96,452.56,461.16,20927.797618332028,9651063.14967
1605225600000.0,2020-11-13 00:00:00,ETH/USD,462.8,478.43,457.35,477.02,36130.10906718796,17234784.62723
1605139200000.0,2020-11-12 00:00:00,ETH/USD,463.64,470.49,451.95,462.8,57811.145555250645,26754998.16297
1605052800000.0,2020-11-11 00:00:00,ETH/USD,450.91,476.86,449.95,463.64,47486.697124644124,22016732.25487
1604966400000.0,2020-11-10 00:00:00,ETH/USD,444.59,455.49,439.23,450.91,44417.67909298973,20028375.67982
1604880000000.0,2020-11-09 00:00:00,ETH/USD,454.71,459.3,434.02,444.59,65955.24165440068,29323040.88713
1604793600000.0,2020-11-08 00:00:00,ETH/USD,435.41,460.52,432.5,454.71,41984.96070178795,19090981.48071
1604707200000.0,2020-11-07 00:00:00,ETH/USD,456.51,468.77,423.53,435.41,79256.11944831308,34508906.96899
1604620800000.0,2020-11-06 00:00:00,ETH/USD,417.08,458.78,415.4,456.51,73137.23854215679,33387880.76688
1604534400000.0,2020-11-05 00:00:00,ETH/USD,403.08,421.0,397.12,417.15,64524.33387114947,26916325.87435
1604448000000.0,2020-11-04 00:00:00,ETH/USD,388.23,408.8,377.02,403.08,45648.00778766002,18399798.97905
1604361600000.0,2020-11-03 00:00:00,ETH/USD,383.61,390.47,370.52,388.23,28116.26781562476,10915578.65406
1604275200000.0,2020-11-02 00:00:00,ETH/USD,397.01,404.53,378.49,383.61,41152.016408800606,15786325.01458
1604188800000.0,2020-11-01 00:00:00,ETH/USD,386.66,397.88,385.06,397.01,21543.758921462937,8553087.72941
1604102400000.0,2020-10-31 00:00:00,ETH/USD,382.91,394.2,380.77,386.66,32739.349062173485,12658996.70838
1604016000000.0,2020-10-30 00:00:00,ETH/USD,387.34,392.17,372.34,382.91,38832.23269491525,14869250.22121
1603929600000.0,2020-10-29 00:00:00,ETH/USD,388.59,393.98,380.93,387.34,28151.565938116386,10904227.55047
1603843200000.0,2020-10-28 00:00:00,ETH/USD,403.59,409.35,380.5,388.59,44707.26044476183,17372794.33623
1603756800000.0,2020-10-27 00:00:00,ETH/USD,393.05,410.79,390.31,403.59,39674.44149381799,16012207.84249
1603670400000.0,2020-10-26 00:00:00,ETH/USD,406.27,411.56,383.11,393.05,59883.501214451084,23537210.15234
1603584000000.0,2020-10-25 00:00:00,ETH/USD,412.51,417.75,402.72,406.27,13839.508074088662,5622576.94526
1603497600000.0,2020-10-24 00:00:00,ETH/USD,409.54,416.99,407.51,412.51,9272.491566555962,3824995.49612
1603411200000.0,2020-10-23 00:00:00,ETH/USD,414.53,419.44,402.0,409.54,22373.86640252478,9162993.24649
1603324800000.0,2020-10-22 00:00:00,ETH/USD,391.19,421.46,391.08,414.53,47566.81936513642,19717873.63143
1603238400000.0,2020-10-21 00:00:00,ETH/USD,368.74,401.92,368.12,391.19,52782.40172243667,20647947.7298
1603152000000.0,2020-10-20 00:00:00,ETH/USD,379.55,380.92,365.34,368.74,33237.5440638119,12256011.99809
1603065600000.0,2020-10-19 00:00:00,ETH/USD,378.49,384.48,372.92,379.55,24949.16612103807,9469456.00124
1602979200000.0,2020-10-18 00:00:00,ETH/USD,368.47,378.85,367.26,378.49,20641.62907894528,7812650.19009
1602892800000.0,2020-10-17 00:00:00,ETH/USD,365.68,370.64,363.67,368.47,22859.188226667025,8422925.08588
1602806400000.0,2020-10-16 00:00:00,ETH/USD,377.8,379.99,361.43,365.68,45151.860092594616,16511132.19866
1602720000000.0,2020-10-15 00:00:00,ETH/USD,379.07,381.93,370.19,377.8,37652.6190477766,14225159.47625
1602633600000.0,2020-10-14 00:00:00,ETH/USD,381.17,387.64,373.31,379.07,29410.34631302926,11148579.97688
1602547200000.0,2020-10-13 00:00:00,ETH/USD,386.74,387.98,374.67,381.17,32751.58048862712,12483919.93485
1602460800000.0,2020-10-12 00:00:00,ETH/USD,374.37,395.08,365.67,386.77,38753.855643172945,14988828.74711
1602374400000.0,2020-10-11 00:00:00,ETH/USD,370.62,377.66,369.27,374.34,16713.97152834322,6256708.10192
1602288000000.0,2020-10-10 00:00:00,ETH/USD,365.23,378.57,365.01,370.62,43445.08644336517,16101617.93764
1602201600000.0,2020-10-09 00:00:00,ETH/USD,351.19,368.48,347.3,365.23,37792.0285468335,13802782.58616
1602115200000.0,2020-10-08 00:00:00,ETH/USD,341.68,353.36,334.28,351.19,32048.59058381503,11255144.52713
1602028800000.0,2020-10-07 00:00:00,ETH/USD,340.81,342.8,333.22,341.68,32287.42623811754,11031967.79704
1601942400000.0,2020-10-06 00:00:00,ETH/USD,353.82,355.32,336.51,340.81,38918.52848678149,13263823.69358
1601856000000.0,2020-10-05 00:00:00,ETH/USD,352.46,356.33,348.82,353.82,19758.070770476515,6990800.60001
1601769600000.0,2020-10-04 00:00:00,ETH/USD,346.17,354.43,344.07,352.46,19134.478787068037,6744138.39329
1601683200000.0,2020-10-03 00:00:00,ETH/USD,345.83,351.03,343.84,346.17,20545.829286911056,7112349.72425
1601596800000.0,2020-10-02 00:00:00,ETH/USD,352.41,354.35,334.48,345.83,49841.67864927855,17236747.72728
1601510400000.0,2020-10-01 00:00:00,ETH/USD,359.86,370.02,344.07,352.41,42084.62735498425,14831043.52617
1601424000000.0,2020-09-30 00:00:00,ETH/USD,359.95,361.62,351.1,359.86,29833.781282109707,10735984.53218
1601337600000.0,2020-09-29 00:00:00,ETH/USD,353.3,360.73,350.31,359.98,44462.63452222346,16005659.17531
1601251200000.0,2020-09-28 00:00:00,ETH/USD,357.72,368.08,351.61,353.3,40663.14322853099,14366288.50264
1601164800000.0,2020-09-27 00:00:00,ETH/USD,354.1,362.21,347.21,357.76,39232.20899854651,14035715.09132
1601078400000.0,2020-09-26 00:00:00,ETH/USD,352.11,356.62,346.12,354.1,69301.47091688788,24539650.85167
1600992000000.0,2020-09-25 00:00:00,ETH/USD,348.92,358.06,337.58,352.11,38039.31615205476,13394023.6103
1600905600000.0,2020-09-24 00:00:00,ETH/USD,320.44,353.18,316.73,348.92,39948.13537326608,13938703.39444
1600819200000.0,2020-09-23 00:00:00,ETH/USD,344.25,344.64,313.2,320.44,40228.785494382726,12890912.02382
1600732800000.0,2020-09-22 00:00:00,ETH/USD,340.28,346.92,335.45,344.25,33551.6083459114,11550141.17308
1600646400000.0,2020-09-21 00:00:00,ETH/USD,370.96,376.64,330.77,340.28,46241.04293211473,15734902.08894
1600560000000.0,2020-09-20 00:00:00,ETH/USD,385.31,385.51,365.22,370.92,25443.456919928823,9437487.04074
1600473600000.0,2020-09-19 00:00:00,ETH/USD,384.5,388.78,377.04,385.31,27840.735075627417,10727313.63199
1600387200000.0,2020-09-18 00:00:00,ETH/USD,389.36,392.47,375.46,384.48,42527.753439190594,16351070.6423
1600300800000.0,2020-09-17 00:00:00,ETH/USD,365.17,394.08,363.15,389.36,40154.04028829361,15634377.12665
1600214400000.0,2020-09-16 00:00:00,ETH/USD,363.97,373.42,354.35,365.17,32325.803753101292,11804413.75652
1600128000000.0,2020-09-15 00:00:00,ETH/USD,377.28,382.5,362.52,363.97,42715.04497516278,15546994.91961
1600041600000.0,2020-09-14 00:00:00,ETH/USD,366.42,384.35,355.84,377.28,34587.70145054071,13049248.00326
1599955200000.0,2020-09-13 00:00:00,ETH/USD,387.93,390.35,353.28,366.42,27507.30496864254,10079226.68661
1599868800000.0,2020-09-12 00:00:00,ETH/USD,373.96,388.43,365.25,387.93,25815.84711514964,10014741.57138
1599782400000.0,2020-09-11 00:00:00,ETH/USD,367.94,375.35,356.14,373.96,40245.36238672586,15050155.71814
1599696000000.0,2020-09-10 00:00:00,ETH/USD,350.75,377.62,350.25,367.94,40596.09425235093,14936926.91921
1599609600000.0,2020-09-09 00:00:00,ETH/USD,337.39,359.29,330.49,350.75,31939.31917362794,11202716.20015
1599523200000.0,2020-09-08 00:00:00,ETH/USD,353.58,356.82,325.66,337.39,40502.63922256143,13665185.4473
1599436800000.0,2020-09-07 00:00:00,ETH/USD,353.04,358.54,323.11,353.58,37679.300448328526,13322647.05252
1599350400000.0,2020-09-06 00:00:00,ETH/USD,335.26,360.0,316.08,353.04,37706.66180458305,13311959.88349
1599264000000.0,2020-09-05 00:00:00,ETH/USD,385.64,395.0,309.0,335.26,86696.54773602576,29065884.59398
1599177600000.0,2020-09-04 00:00:00,ETH/USD,382.55,400.92,354.12,385.64,41703.38630523287,16082493.89475
1599091200000.0,2020-09-03 00:00:00,ETH/USD,440.0,451.01,368.28,382.55,39498.986064671284,15110337.11904
1599004800000.0,2020-09-02 00:00:00,ETH/USD,475.52,481.58,414.0,440.0,42415.511952454544,18662825.25908
1598918400000.0,2020-09-01 00:00:00,ETH/USD,433.91,489.0,429.02,475.4,41137.89434751788,19556954.97281
1598832000000.0,2020-08-31 00:00:00,ETH/USD,429.05,439.34,418.56,433.99,24884.16026332404,10799476.71268
1598745600000.0,2020-08-30 00:00:00,ETH/USD,398.69,429.87,398.29,429.05,21197.05895466729,9094598.1445
1598659200000.0,2020-08-29 00:00:00,ETH/USD,395.53,405.9,392.12,398.69,14534.302553287016,5794681.08497
1598572800000.0,2020-08-28 00:00:00,ETH/USD,383.56,398.45,379.91,395.53,32656.14744954871,12916486.00072
1598486400000.0,2020-08-27 00:00:00,ETH/USD,386.01,397.26,371.58,383.56,18036.647345004694,6918136.45565
1598400000000.0,2020-08-26 00:00:00,ETH/USD,383.26,393.32,377.71,386.01,23094.89328786819,8914859.75805
1598313600000.0,2020-08-25 00:00:00,ETH/USD,407.92,409.28,370.15,383.26,27865.090235923395,10679574.48382
1598227200000.0,2020-08-24 00:00:00,ETH/USD,390.91,410.44,387.49,408.0,22002.714209583333,8977107.39751
1598140800000.0,2020-08-23 00:00:00,ETH/USD,395.57,397.31,383.65,390.91,19511.636899644418,7627293.98044
1598054400000.0,2020-08-22 00:00:00,ETH/USD,387.8,397.16,379.53,395.57,36354.1632456708,14380616.35509
1597968000000.0,2020-08-21 00:00:00,ETH/USD,416.22,419.12,384.09,387.8,42690.884252088705,16555524.91296
1597881600000.0,2020-08-20 00:00:00,ETH/USD,407.57,419.45,402.34,416.22,9955.428560713084,4143648.47554
1597795200000.0,2020-08-19 00:00:00,ETH/USD,422.2,426.77,393.12,407.57,19430.50182113502,7919289.62724
1597708800000.0,2020-08-18 00:00:00,ETH/USD,431.2,434.18,415.0,422.2,14948.037617337755,6311061.48204
1597622400000.0,2020-08-17 00:00:00,ETH/USD,433.91,447.7,420.51,431.04,20111.19717339458,8668730.42962
1597536000000.0,2020-08-16 00:00:00,ETH/USD,432.84,437.04,412.61,433.91,9056.408191191722,3929666.07824
1597449600000.0,2020-08-15 00:00:00,ETH/USD,438.76,443.36,427.34,432.84,13567.156915188061,5872408.19917
1597363200000.0,2020-08-14 00:00:00,ETH/USD,425.3,444.48,417.95,438.76,22512.546519509528,9877604.9109
1597276800000.0,2020-08-13 00:00:00,ETH/USD,387.28,432.04,376.9,425.3,16767.47019097108,7131205.07222
1597190400000.0,2020-08-12 00:00:00,ETH/USD,378.88,389.42,366.72,387.28,16487.71749697893,6385363.23223
1597104000000.0,2020-08-11 00:00:00,ETH/USD,395.9,398.52,366.77,378.88,15544.31193079603,5889428.90434
1597017600000.0,2020-08-10 00:00:00,ETH/USD,390.38,399.99,385.88,395.91,10485.278491879468,4151226.60772
1596931200000.0,2020-08-09 00:00:00,ETH/USD,397.28,400.47,383.77,390.38,10393.904907833394,4057572.59792
1596844800000.0,2020-08-08 00:00:00,ETH/USD,379.57,397.53,376.47,397.28,10149.900880739026,4032352.6219
1596758400000.0,2020-08-07 00:00:00,ETH/USD,395.26,398.62,362.46,379.57,18089.135397713202,6866093.12291
1596672000000.0,2020-08-06 00:00:00,ETH/USD,401.22,404.12,391.31,395.26,16571.325066260186,6549981.94569
1596585600000.0,2020-08-05 00:00:00,ETH/USD,389.84,407.66,384.38,401.22,22176.56546575445,8897681.59617
1596499200000.0,2020-08-04 00:00:00,ETH/USD,386.3,403.21,380.9,389.7,21177.250916140623,8252774.68202
1596412800000.0,2020-08-03 00:00:00,ETH/USD,372.23,398.32,366.68,386.3,28988.658762205538,11198318.87984
1596326400000.0,2020-08-02 00:00:00,ETH/USD,387.39,416.06,320.0,372.23,32994.088783547806,12281389.6679
1596240000000.0,2020-08-01 00:00:00,ETH/USD,346.73,393.77,295.23,387.39,24950.847560520408,9665708.83647
1596153600000.0,2020-07-31 00:00:00,ETH/USD,335.25,349.78,328.72,346.73,16205.02677838664,5618768.93487
1596067200000.0,2020-07-30 00:00:00,ETH/USD,318.15,342.55,314.87,335.24,16767.84610819115,5621252.72931
1595980800000.0,2020-07-29 00:00:00,ETH/USD,317.3,325.52,312.86,318.04,14180.807624575526,4510064.05692
1595894400000.0,2020-07-28 00:00:00,ETH/USD,322.31,327.26,306.07,317.3,26992.744430381343,8564797.80776
1595808000000.0,2020-07-27 00:00:00,ETH/USD,311.31,334.01,307.0,322.31,37128.0388933325,11966738.21571
1595721600000.0,2020-07-26 00:00:00,ETH/USD,305.53,320.77,298.04,311.31,26353.413045163983,8204081.01509
1595635200000.0,2020-07-25 00:00:00,ETH/USD,279.49,309.14,279.49,305.53,22934.549757110595,7007192.98729
1595548800000.0,2020-07-24 00:00:00,ETH/USD,275.57,287.77,268.12,279.49,16484.721464703565,4607314.80217
1595462400000.0,2020-07-23 00:00:00,ETH/USD,264.3,280.43,260.14,275.57,18815.986167652503,5185121.30822
1595376000000.0,2020-07-22 00:00:00,ETH/USD,245.81,269.59,241.48,264.3,17903.38901978812,4731865.71793
1595289600000.0,2020-07-21 00:00:00,ETH/USD,236.03,246.96,235.63,245.81,21049.449667344696,5174165.22273
1595203200000.0,2020-07-20 00:00:00,ETH/USD,239.19,239.78,234.2,236.03,13126.09078498496,3098151.20798
1595116800000.0,2020-07-19 00:00:00,ETH/USD,235.74,239.86,233.33,239.19,7953.277187173377,1902344.3704
1595030400000.0,2020-07-18 00:00:00,ETH/USD,232.6,236.97,232.31,235.75,8739.03260275716,2060226.9361
1594944000000.0,2020-07-17 00:00:00,ETH/USD,233.43,234.55,231.46,232.6,9571.31376384351,2226287.58147
1594857600000.0,2020-07-16 00:00:00,ETH/USD,238.45,239.21,225.81,233.43,24015.24756445187,5605879.23897
1594771200000.0,2020-07-15 00:00:00,ETH/USD,240.46,241.49,236.65,238.45,10688.527701069406,2548679.43032
1594684800000.0,2020-07-14 00:00:00,ETH/USD,239.37,242.11,236.95,240.42,9264.311803385743,2227325.84377
1594598400000.0,2020-07-13 00:00:00,ETH/USD,242.87,245.24,237.29,239.37,14431.784727785436,3454536.31029
1594512000000.0,2020-07-12 00:00:00,ETH/USD,239.14,243.93,236.46,242.87,12862.186502861614,3123839.23595
1594425600000.0,2020-07-11 00:00:00,ETH/USD,241.26,241.6,237.58,239.14,5399.211659989965,1291167.47637
1594339200000.0,2020-07-10 00:00:00,ETH/USD,242.05,242.2,235.39,241.26,6554.39724757523,1581313.87995
1594252800000.0,2020-07-09 00:00:00,ETH/USD,247.03,247.69,237.73,242.05,11243.157179053913,2721406.19519
1594166400000.0,2020-07-08 00:00:00,ETH/USD,239.38,249.18,237.89,247.03,32570.311156742097,8045843.96505
1594080000000.0,2020-07-07 00:00:00,ETH/USD,241.73,243.62,234.58,239.38,11442.406815648761,2739083.34353
1593993600000.0,2020-07-06 00:00:00,ETH/USD,227.66,242.07,227.03,241.75,17950.6700824819,4339574.49244
1593907200000.0,2020-07-05 00:00:00,ETH/USD,229.32,229.94,223.21,227.66,12875.62643340947,2931265.11383
1593820800000.0,2020-07-04 00:00:00,ETH/USD,224.83,230.76,224.51,229.32,8307.794426216642,1905143.41782
1593734400000.0,2020-07-03 00:00:00,ETH/USD,226.45,228.18,224.25,224.83,10782.751834941957,2424286.09505
1593648000000.0,2020-07-02 00:00:00,ETH/USD,231.19,232.21,222.93,226.45,16628.55683188342,3765536.69458
1593561600000.0,2020-07-01 00:00:00,ETH/USD,225.55,232.68,224.08,231.19,12724.809558717938,2941848.72188
1593475200000.0,2020-06-30 00:00:00,ETH/USD,227.92,228.68,222.86,225.55,6279.425217867435,1416324.35789
1593388800000.0,2020-06-29 00:00:00,ETH/USD,224.92,229.91,221.03,227.83,7832.4976213404725,1784477.93307
1593302400000.0,2020-06-28 00:00:00,ETH/USD,220.7,227.74,217.78,224.89,6724.135564098004,1512190.84701
1593216000000.0,2020-06-27 00:00:00,ETH/USD,229.49,231.11,215.66,220.7,19943.844827004985,4401606.55332
1593129600000.0,2020-06-26 00:00:00,ETH/USD,232.35,233.34,227.21,229.49,11939.343836724913,2739960.01709
1593043200000.0,2020-06-25 00:00:00,ETH/USD,234.18,235.18,227.21,232.35,10080.305843425866,2342159.06272
1592956800000.0,2020-06-24 00:00:00,ETH/USD,243.07,249.17,230.66,234.18,16454.286474464086,3853264.80659
1592870400000.0,2020-06-23 00:00:00,ETH/USD,243.17,244.98,240.72,243.07,6116.713725017486,1486789.60514
1592784000000.0,2020-06-22 00:00:00,ETH/USD,227.76,247.0,227.24,243.17,17356.798852777894,4220652.77703
1592697600000.0,2020-06-21 00:00:00,ETH/USD,228.86,231.29,226.95,227.76,8065.921060107131,1837094.18065
1592611200000.0,2020-06-20 00:00:00,ETH/USD,228.73,230.6,225.34,228.8,5987.7782850087415,1370003.67161
1592524800000.0,2020-06-19 00:00:00,ETH/USD,231.01,231.8,226.24,228.73,10744.3582858392,2457557.07072
1592438400000.0,2020-06-18 00:00:00,ETH/USD,233.6,234.45,227.74,231.09,4524.3168749404995,1045524.38663
1592352000000.0,2020-06-17 00:00:00,ETH/USD,235.3,237.14,227.45,233.6,29194.04231395548,6819728.28454
1592265600000.0,2020-06-16 00:00:00,ETH/USD,230.94,236.0,228.76,235.3,8241.056435104121,1939120.57918
1592179200000.0,2020-06-15 00:00:00,ETH/USD,231.51,233.63,217.85,230.94,14720.140721702608,3399469.29827
1592092800000.0,2020-06-14 00:00:00,ETH/USD,238.15,238.52,229.8,231.51,7106.791417865319,1645293.28115
1592006400000.0,2020-06-13 00:00:00,ETH/USD,237.56,238.76,234.58,238.12,4314.981781286746,1027483.46176
1591920000000.0,2020-06-12 00:00:00,ETH/USD,230.25,239.37,228.06,237.6,7405.47278047138,1759540.33264
1591833600000.0,2020-06-11 00:00:00,ETH/USD,248.03,250.35,225.57,230.25,21421.5124812595,4932303.24881
1591747200000.0,2020-06-10 00:00:00,ETH/USD,243.91,250.48,236.96,248.03,11008.75091940491,2730500.49054
1591660800000.0,2020-06-09 00:00:00,ETH/USD,246.5,249.98,237.25,243.91,10951.339350580132,2671141.181
1591574400000.0,2020-06-08 00:00:00,ETH/USD,244.78,247.94,240.85,246.5,6160.838690588235,1518646.73723
1591488000000.0,2020-06-07 00:00:00,ETH/USD,242.01,245.65,234.67,244.78,18332.11598725386,4487335.35136
1591401600000.0,2020-06-06 00:00:00,ETH/USD,240.0,244.62,237.67,242.01,15058.878315400192,3644399.14111
1591315200000.0,2020-06-05 00:00:00,ETH/USD,243.24,247.94,238.96,239.91,25753.965197699137,6178633.79058
1591228800000.0,2020-06-04 00:00:00,ETH/USD,244.65,246.69,236.19,243.24,29801.497217439566,7248916.18317
1591142400000.0,2020-06-03 00:00:00,ETH/USD,237.57,245.28,233.31,244.65,13015.195876026977,3184167.67107
1591056000000.0,2020-06-02 00:00:00,ETH/USD,248.4,253.65,222.1,237.57,27477.448712884623,6527817.49072
1590969600000.0,2020-06-01 00:00:00,ETH/USD,231.42,251.32,230.56,248.4,37713.67449013687,9368076.74335
1590883200000.0,2020-05-31 00:00:00,ETH/USD,243.7,245.3,229.26,231.42,61276.749714026446,14180665.41882
1590796800000.0,2020-05-30 00:00:00,ETH/USD,220.48,247.13,218.76,243.7,39941.11047353304,9733648.6224
1590710400000.0,2020-05-29 00:00:00,ETH/USD,220.3,224.73,217.47,220.48,21639.32595999637,4771038.58766
1590624000000.0,2020-05-28 00:00:00,ETH/USD,208.41,220.57,204.69,220.24,19385.725725390483,4269512.23376
1590537600000.0,2020-05-27 00:00:00,ETH/USD,200.99,208.48,200.79,208.42,14248.255898810095,2969621.49443
1590451200000.0,2020-05-26 00:00:00,ETH/USD,204.1,205.01,196.79,200.99,16592.543476839644,3334935.31341
1590364800000.0,2020-05-25 00:00:00,ETH/USD,199.76,205.65,198.18,204.1,5929.174362273396,1210144.48734
1590278400000.0,2020-05-24 00:00:00,ETH/USD,206.62,210.58,199.46,199.9,19822.2385130065,3962465.47875
1590192000000.0,2020-05-23 00:00:00,ETH/USD,207.29,211.28,204.7,206.62,9582.645556238505,1979966.22483
1590105600000.0,2020-05-22 00:00:00,ETH/USD,198.6,209.17,196.11,207.29,8002.185562834677,1658773.04532
1590019200000.0,2020-05-21 00:00:00,ETH/USD,209.95,211.61,191.28,198.6,27130.03852729104,5388025.65152
1589932800000.0,2020-05-20 00:00:00,ETH/USD,214.69,215.57,205.3,209.95,24658.526829530845,5177057.70786
1589846400000.0,2020-05-19 00:00:00,ETH/USD,214.79,215.99,209.3,214.69,22672.943148865805,4867654.16463
1589760000000.0,2020-05-18 00:00:00,ETH/USD,206.96,217.05,206.96,214.79,78874.15478215933,16941379.70566
1589673600000.0,2020-05-17 00:00:00,ETH/USD,200.51,209.92,199.67,206.96,54191.5936341322,11215492.21852
1589587200000.0,2020-05-16 00:00:00,ETH/USD,194.68,203.45,193.15,200.51,88203.857656077,17685755.49862
1589500800000.0,2020-05-15 00:00:00,ETH/USD,203.45,204.18,191.38,194.68,42743.6985955414,8321343.24258
1589414400000.0,2020-05-14 00:00:00,ETH/USD,199.78,206.12,195.81,203.45,24955.99163671664,5077296.49849
1589328000000.0,2020-05-13 00:00:00,ETH/USD,189.8,201.25,188.57,199.79,14559.372622753892,2908817.0563
1589241600000.0,2020-05-12 00:00:00,ETH/USD,186.18,192.29,185.9,189.8,6778.429281348788,1286545.8776
1589155200000.0,2020-05-11 00:00:00,ETH/USD,187.82,193.62,175.0,186.18,12367.215924589107,2302528.26084
1589068800000.0,2020-05-10 00:00:00,ETH/USD,210.22,210.22,180.14,187.82,41849.81074219998,7860231.4536
1588982400000.0,2020-05-09 00:00:00,ETH/USD,211.62,214.84,208.6,210.22,4615.558987013605,970282.81025
1588896000000.0,2020-05-08 00:00:00,ETH/USD,212.32,216.87,207.37,211.62,4360.084884604479,922681.16328
1588809600000.0,2020-05-07 00:00:00,ETH/USD,199.16,215.6,196.82,212.32,19379.71867614921,4114701.86932
1588723200000.0,2020-05-06 00:00:00,ETH/USD,205.43,211.14,198.24,199.16,8593.894026963246,1711559.93441
1588636800000.0,2020-05-05 00:00:00,ETH/USD,206.9,212.0,201.49,205.43,8581.588437862045,1762915.71279
1588550400000.0,2020-05-04 00:00:00,ETH/USD,210.04,210.79,195.25,206.9,8523.093124939584,1763427.96755
1588464000000.0,2020-05-03 00:00:00,ETH/USD,214.04,219.29,205.27,210.04,15800.211220862693,3318676.36483
1588377600000.0,2020-05-02 00:00:00,ETH/USD,212.12,215.54,210.59,214.04,8584.309373902075,1837385.57839
1588291200000.0,2020-05-01 00:00:00,ETH/USD,206.02,217.41,205.97,212.12,7656.331188101075,1624060.97162
1588204800000.0,2020-04-30 00:00:00,ETH/USD,215.79,227.45,202.23,205.96,64200.802380753536,13222797.25834
1588118400000.0,2020-04-29 00:00:00,ETH/USD,196.83,219.51,196.65,215.79,18859.87248653784,4069771.88387
1588032000000.0,2020-04-28 00:00:00,ETH/USD,196.75,197.91,192.78,196.74,7314.786029328046,1439111.00341
1587945600000.0,2020-04-27 00:00:00,ETH/USD,197.71,199.31,189.94,196.75,14299.647587852605,2813455.66291
1587859200000.0,2020-04-26 00:00:00,ETH/USD,194.45,200.16,192.54,197.71,83809.2492981134,16569926.67873
1587772800000.0,2020-04-25 00:00:00,ETH/USD,187.75,198.43,185.93,194.45,132134.0232673695,25693460.82434
1587686400000.0,2020-04-24 00:00:00,ETH/USD,185.56,189.94,184.82,187.75,43100.52314583222,8092123.22063
1587600000000.0,2020-04-23 00:00:00,ETH/USD,183.01,194.45,178.35,185.56,46610.2028111662,8648989.23364
1587513600000.0,2020-04-22 00:00:00,ETH/USD,171.01,184.33,170.08,183.01,7390.753537948746,1352581.80498
1587427200000.0,2020-04-21 00:00:00,ETH/USD,170.45,174.94,168.43,171.01,17929.810546693177,3066176.90159
1587340800000.0,2020-04-20 00:00:00,ETH/USD,180.24,186.73,166.74,170.45,15179.71936884717,2587383.16642
1587254400000.0,2020-04-19 00:00:00,ETH/USD,187.71,188.52,176.51,180.24,7011.782878717266,1263803.74606
1587168000000.0,2020-04-18 00:00:00,ETH/USD,170.82,189.75,170.72,187.71,13156.208007884503,2469551.80516
1587081600000.0,2020-04-17 00:00:00,ETH/USD,172.61,175.1,164.16,170.82,12623.01603647114,2156263.59935
1586995200000.0,2020-04-16 00:00:00,ETH/USD,152.79,175.2,148.46,172.61,16650.144321244425,2873981.41129
1586908800000.0,2020-04-15 00:00:00,ETH/USD,158.57,161.5,151.99,152.79,11081.050824399503,1693073.75546
1586822400000.0,2020-04-14 00:00:00,ETH/USD,156.78,162.13,155.62,158.57,7408.24299703601,1174725.09204
1586736000000.0,2020-04-13 00:00:00,ETH/USD,158.85,159.37,149.6,156.78,18287.810416762342,2867162.91714
1586649600000.0,2020-04-12 00:00:00,ETH/USD,158.58,165.39,155.32,158.85,15006.989453635506,2383860.27471
1586563200000.0,2020-04-11 00:00:00,ETH/USD,157.97,161.45,154.16,158.58,8327.732709358052,1320611.85305
1586476800000.0,2020-04-10 00:00:00,ETH/USD,169.73,170.28,152.5,158.0,15489.472184303797,2447336.60512
1586390400000.0,2020-04-09 00:00:00,ETH/USD,173.34,173.61,165.33,169.79,3042.0147845573947,516503.69027
1586304000000.0,2020-04-08 00:00:00,ETH/USD,164.62,174.53,163.69,173.34,7385.458431983385,1280195.3646
1586217600000.0,2020-04-07 00:00:00,ETH/USD,171.5,176.37,162.06,164.62,18317.739248936945,3015466.23516
1586131200000.0,2020-04-06 00:00:00,ETH/USD,142.84,172.03,142.79,171.43,13824.369256431195,2369911.62163
1586044800000.0,2020-04-05 00:00:00,ETH/USD,144.5,145.83,140.88,142.83,3987.806357487923,569578.38204
1585958400000.0,2020-04-04 00:00:00,ETH/USD,141.42,146.71,139.12,144.5,1778.568927197232,257003.20998
1585872000000.0,2020-04-03 00:00:00,ETH/USD,141.41,146.88,138.0,141.42,11819.072175788433,1671453.1871
1585785600000.0,2020-04-02 00:00:00,ETH/USD,136.16,150.46,135.6,141.44,23678.966144372174,3349152.97146
1585699200000.0,2020-04-01 00:00:00,ETH/USD,133.02,137.22,128.78,136.14,6714.157452695755,914065.39561
1585612800000.0,2020-03-31 00:00:00,ETH/USD,132.33,135.42,130.53,133.09,5089.43672582463,677353.13384
1585526400000.0,2020-03-30 00:00:00,ETH/USD,124.38,135.69,124.04,132.33,3540.6172452958513,468529.88007
1585440000000.0,2020-03-29 00:00:00,ETH/USD,131.4,132.1,123.6,124.38,7835.345942032482,974560.32827
1585353600000.0,2020-03-28 00:00:00,ETH/USD,131.39,133.2,124.94,131.44,11436.04929230067,1503154.31898
1585267200000.0,2020-03-27 00:00:00,ETH/USD,138.97,141.9,128.78,131.39,9527.37442948474,1251801.72629
1585180800000.0,2020-03-26 00:00:00,ETH/USD,136.4,140.16,133.48,138.97,11863.481959775492,1648668.08795
1585094400000.0,2020-03-25 00:00:00,ETH/USD,138.93,142.83,132.26,136.27,3215.792835693843,438216.08972
1585008000000.0,2020-03-24 00:00:00,ETH/USD,136.56,144.02,133.08,138.96,7511.212289363845,1043758.05973
1584921600000.0,2020-03-23 00:00:00,ETH/USD,122.32,138.07,118.8,136.56,11882.063849516697,1622614.63929
1584835200000.0,2020-03-22 00:00:00,ETH/USD,132.69,137.42,120.95,122.32,3490.083072759974,426906.96146
1584748800000.0,2020-03-21 00:00:00,ETH/USD,133.53,137.57,125.85,132.69,6674.576919662371,885649.61147
1584662400000.0,2020-03-20 00:00:00,ETH/USD,136.83,153.4,115.47,133.53,32010.344951696246,4274341.3614
1584576000000.0,2020-03-19 00:00:00,ETH/USD,118.56,143.75,115.86,136.91,11291.566518661895,1545928.37207
1584489600000.0,2020-03-18 00:00:00,ETH/USD,116.29,118.99,110.27,118.56,17505.86200387989,2075494.99918
1584403200000.0,2020-03-17 00:00:00,ETH/USD,111.05,121.26,109.48,116.29,12598.68891289019,1465101.53368
1584316800000.0,2020-03-16 00:00:00,ETH/USD,123.5,123.88,100.67,111.05,28530.76045610086,3168340.94865
1584230400000.0,2020-03-15 00:00:00,ETH/USD,122.48,133.91,120.11,123.5,25226.414462186232,3115462.18608
1584144000000.0,2020-03-14 00:00:00,ETH/USD,135.67,136.32,120.97,122.35,23079.28741732734,2823750.81551
1584057600000.0,2020-03-13 00:00:00,ETH/USD,108.95,146.43,87.69,135.67,71029.70613179039,9636600.2309
1583971200000.0,2020-03-12 00:00:00,ETH/USD,194.82,195.58,100.56,108.95,108212.41193373107,11789742.28018
1583884800000.0,2020-03-11 00:00:00,ETH/USD,200.6,202.95,181.45,194.82,16237.933243968791,3163474.15459
1583798400000.0,2020-03-10 00:00:00,ETH/USD,202.73,206.33,195.69,200.46,7282.817511174299,1459913.59829
1583712000000.0,2020-03-09 00:00:00,ETH/USD,199.48,208.56,189.92,202.73,23827.590381393973,4830567.39802
1583625600000.0,2020-03-08 00:00:00,ETH/USD,237.49,237.49,195.31,199.45,25443.844559438458,5074774.79738
1583539200000.0,2020-03-07 00:00:00,ETH/USD,245.55,252.47,236.66,237.49,12972.94611352057,3080944.9725
1583452800000.0,2020-03-06 00:00:00,ETH/USD,228.71,245.84,227.47,245.55,7349.212886214619,1804599.22421
1583366400000.0,2020-03-05 00:00:00,ETH/USD,224.3,234.36,224.3,228.71,5296.059802807048,1211261.8375
1583280000000.0,2020-03-04 00:00:00,ETH/USD,223.67,228.74,220.34,224.36,7285.6185608842925,1634601.38032
1583193600000.0,2020-03-03 00:00:00,ETH/USD,232.21,232.74,220.12,223.67,5709.157897169938,1276967.34686
1583107200000.0,2020-03-02 00:00:00,ETH/USD,217.47,234.41,215.83,232.09,4431.44537170925,1028494.15632
1583020800000.0,2020-03-01 00:00:00,ETH/USD,217.18,227.91,212.29,217.47,3956.9310933002257,860513.80486
1582934400000.0,2020-02-29 00:00:00,ETH/USD,227.03,233.28,216.86,217.32,4152.85717527149,902498.92133
1582848000000.0,2020-02-28 00:00:00,ETH/USD,227.7,234.52,213.65,227.09,5245.654053899335,1191235.5791
1582761600000.0,2020-02-27 00:00:00,ETH/USD,223.75,238.16,209.9,227.7,15762.684947474749,3589163.36254
1582675200000.0,2020-02-26 00:00:00,ETH/USD,246.31,250.03,215.22,223.68,22392.596448855507,5008775.97368
1582588800000.0,2020-02-25 00:00:00,ETH/USD,265.71,266.26,244.34,246.32,12159.452676234168,2995116.38321
1582502400000.0,2020-02-24 00:00:00,ETH/USD,275.61,277.99,257.17,265.76,14043.436380004516,3732183.65235
1582416000000.0,2020-02-23 00:00:00,ETH/USD,261.94,276.61,261.47,275.55,3688.673204899292,1016413.90161
1582329600000.0,2020-02-22 00:00:00,ETH/USD,265.85,267.15,256.59,261.94,1734.458555050775,454324.07391
1582243200000.0,2020-02-21 00:00:00,ETH/USD,257.36,268.54,254.17,265.85,4707.739099266503,1251552.43954
1582156800000.0,2020-02-20 00:00:00,ETH/USD,258.33,264.19,245.82,257.36,15094.50349483214,3884721.41943
1582070400000.0,2020-02-19 00:00:00,ETH/USD,283.47,287.22,248.92,258.45,15804.661534145871,4084714.7735
1581984000000.0,2020-02-18 00:00:00,ETH/USD,267.81,286.4,259.33,283.4,4297.708465702188,1217970.57918
1581897600000.0,2020-02-17 00:00:00,ETH/USD,258.68,268.54,242.52,267.76,5024.213760905289,1345283.47662
1581811200000.0,2020-02-16 00:00:00,ETH/USD,264.93,274.06,237.43,259.21,4368.557363257591,1132373.75413
1581724800000.0,2020-02-15 00:00:00,ETH/USD,285.78,289.17,261.9,264.97,3874.084520209835,1026516.17532
1581638400000.0,2020-02-14 00:00:00,ETH/USD,268.31,286.24,260.16,285.8,2882.3723005248426,823782.00349
1581552000000.0,2020-02-13 00:00:00,ETH/USD,266.42,277.83,256.15,268.26,5003.142644822187,1342143.0459
1581465600000.0,2020-02-12 00:00:00,ETH/USD,237.81,275.77,237.81,266.36,8673.69691462682,2310325.91018
1581379200000.0,2020-02-11 00:00:00,ETH/USD,222.92,239.69,218.08,237.81,5925.928972330852,1409245.16891
1581292800000.0,2020-02-10 00:00:00,ETH/USD,228.82,229.72,216.36,222.95,3507.5562199147794,782009.65923
1581206400000.0,2020-02-09 00:00:00,ETH/USD,223.32,230.96,223.21,228.82,3148.8544300760423,720520.87069
1581120000000.0,2020-02-08 00:00:00,ETH/USD,223.28,227.93,213.2,223.37,4667.290918834221,1042532.77254
1581033600000.0,2020-02-07 00:00:00,ETH/USD,212.95,224.32,212.95,223.28,5830.060168711931,1301735.83447
1580947200000.0,2020-02-06 00:00:00,ETH/USD,203.77,216.14,201.0,212.95,3143.851341535572,669483.14318
1580860800000.0,2020-02-05 00:00:00,ETH/USD,188.26,207.61,187.64,203.75,3486.460603730061,710366.34801
1580774400000.0,2020-02-04 00:00:00,ETH/USD,189.54,191.4,184.44,188.26,5119.075360830766,963717.12743
1580688000000.0,2020-02-03 00:00:00,ETH/USD,188.26,195.24,186.58,189.54,4330.255266381767,820756.58319
1580601600000.0,2020-02-02 00:00:00,ETH/USD,183.63,193.59,179.12,188.26,2598.9524140019125,489278.78146
1580515200000.0,2020-02-01 00:00:00,ETH/USD,179.67,184.02,178.98,183.63,1729.9407467189458,317669.01932
1580428800000.0,2020-01-31 00:00:00,ETH/USD,184.56,185.59,174.81,179.69,1757.3700381768601,315781.82216
1580342400000.0,2020-01-30 00:00:00,ETH/USD,173.41,186.87,170.59,184.51,14186.41412833993,2617535.27082
1580256000000.0,2020-01-29 00:00:00,ETH/USD,175.82,178.36,173.19,173.38,6708.14682235552,1163058.49606
1580169600000.0,2020-01-28 00:00:00,ETH/USD,169.82,176.32,169.82,175.97,6203.434696652839,1091618.40357
1580083200000.0,2020-01-27 00:00:00,ETH/USD,167.48,171.65,165.0,169.82,3174.0987044517724,539025.44199
1579996800000.0,2020-01-26 00:00:00,ETH/USD,160.06,167.59,159.21,167.48,540.1588634463817,90465.80645
1579910400000.0,2020-01-25 00:00:00,ETH/USD,162.37,162.38,157.45,160.12,815.8369605920559,130631.81413
1579824000000.0,2020-01-24 00:00:00,ETH/USD,162.53,164.23,155.21,162.37,3111.42290632506,505201.7373
1579737600000.0,2020-01-23 00:00:00,ETH/USD,167.62,167.74,158.9,162.53,2585.517603273242,420224.17606
1579651200000.0,2020-01-22 00:00:00,ETH/USD,169.19,171.01,165.69,167.62,2109.695669072903,353627.18805
1579564800000.0,2020-01-21 00:00:00,ETH/USD,166.65,170.01,164.73,169.16,1501.5483422203831,254001.91757
1579478400000.0,2020-01-20 00:00:00,ETH/USD,166.74,169.15,161.18,166.59,1048.5725742241432,174681.70514
1579392000000.0,2020-01-19 00:00:00,ETH/USD,174.04,177.93,161.72,166.74,2671.2271835192514,445400.42058
1579305600000.0,2020-01-18 00:00:00,ETH/USD,169.62,179.23,165.1,174.04,1340.1019977016779,233231.35168
1579219200000.0,2020-01-17 00:00:00,ETH/USD,164.12,174.17,162.1,169.66,1393.1372583402099,236359.66725
1579132800000.0,2020-01-16 00:00:00,ETH/USD,166.15,167.13,158.51,164.07,1157.1863728896203,189859.5682
1579046400000.0,2020-01-15 00:00:00,ETH/USD,165.65,171.68,159.15,166.15,3681.5915563045437,611696.43708
1578960000000.0,2020-01-14 00:00:00,ETH/USD,143.61,170.93,143.5,165.88,8603.799219435736,1427198.21452
1578873600000.0,2020-01-13 00:00:00,ETH/USD,146.38,146.83,142.18,143.57,1105.8478523368392,158766.57616
1578787200000.0,2020-01-12 00:00:00,ETH/USD,142.48,146.48,141.86,146.35,876.928299897506,128338.45669
1578700800000.0,2020-01-11 00:00:00,ETH/USD,144.82,147.92,142.07,142.39,1465.7379786501863,208706.43078
1578614400000.0,2020-01-10 00:00:00,ETH/USD,137.71,145.05,135.29,144.79,1706.0810397126872,247023.47374
1578528000000.0,2020-01-09 00:00:00,ETH/USD,140.71,141.46,135.39,137.69,1346.3583158544557,185380.07651
1578441600000.0,2020-01-08 00:00:00,ETH/USD,142.98,147.9,137.13,140.61,2451.6411842685443,344725.26692
1578355200000.0,2020-01-07 00:00:00,ETH/USD,144.23,145.25,139.02,143.01,4932.944473113769,705460.3891
1578268800000.0,2020-01-06 00:00:00,ETH/USD,135.18,144.44,134.72,144.22,1226.5547158507836,176893.72112
1578182400000.0,2020-01-05 00:00:00,ETH/USD,134.08,138.05,134.08,135.18,899.9818844503624,121659.55114
1578096000000.0,2020-01-04 00:00:00,ETH/USD,134.19,135.57,132.32,134.08,460.0238648568018,61679.9998
1578009600000.0,2020-01-03 00:00:00,ETH/USD,126.73,134.8,125.53,134.26,2983.502235215254,400565.0101
1577923200000.0,2020-01-02 00:00:00,ETH/USD,130.1,130.13,126.02,126.73,617.8758766669297,78303.40985
1577836800000.0,2020-01-01 00:00:00,ETH/USD,128.59,132.5,128.16,130.1,305.4185756341276,39734.95669
1577750400000.0,2019-12-31 00:00:00,ETH/USD,131.12,133.26,127.7,128.59,674.2708443891438,86704.48788
1577664000000.0,2019-12-30 00:00:00,ETH/USD,134.21,135.68,129.9,131.12,868.9256911989017,113933.53663
1577577600000.0,2019-12-29 00:00:00,ETH/USD,127.8,137.79,127.33,134.22,936.1446578006259,125649.33597
1577491200000.0,2019-12-28 00:00:00,ETH/USD,126.17,129.33,125.72,127.8,911.5383197965572,116494.59727
1577404800000.0,2019-12-27 00:00:00,ETH/USD,125.3,126.63,122.38,126.14,159.7576641826542,20151.83176
1577318400000.0,2019-12-26 00:00:00,ETH/USD,124.86,131.86,124.06,125.3,437.84583687150837,54862.08336
1577232000000.0,2019-12-25 00:00:00,ETH/USD,127.66,127.73,123.19,124.86,1745.7061956591383,217968.87559
1577145600000.0,2019-12-24 00:00:00,ETH/USD,127.79,129.5,126.62,127.66,1159.9002788657372,148072.8696
1577059200000.0,2019-12-23 00:00:00,ETH/USD,132.33,135.18,126.1,127.74,3535.7400719430093,451655.43679
1576972800000.0,2019-12-22 00:00:00,ETH/USD,127.12,133.05,126.94,132.28,1497.978953583308,198152.65598
1576886400000.0,2019-12-21 00:00:00,ETH/USD,128.17,128.33,126.58,127.12,1172.9837761957206,149109.69763
1576800000000.0,2019-12-20 00:00:00,ETH/USD,128.15,129.36,125.71,128.17,3509.2110304283374,449775.57777
1576713600000.0,2019-12-19 00:00:00,ETH/USD,132.93,133.9,125.71,128.15,3881.9974795942253,497477.97701
1576627200000.0,2019-12-18 00:00:00,ETH/USD,121.76,134.48,116.22,132.93,3281.5913858421723,436221.94292
1576540800000.0,2019-12-17 00:00:00,ETH/USD,132.36,132.54,119.56,121.78,5887.660687633437,716999.31854
1576454400000.0,2019-12-16 00:00:00,ETH/USD,142.3,142.48,129.27,132.36,13649.359107736474,1806629.1715
1576368000000.0,2019-12-15 00:00:00,ETH/USD,141.76,143.75,139.86,142.3,982.2964079409697,139780.77885
1576281600000.0,2019-12-14 00:00:00,ETH/USD,144.64,144.94,141.15,141.76,438.01337711625285,62092.77634
1576195200000.0,2019-12-13 00:00:00,ETH/USD,144.66,145.12,142.77,144.64,752.3129545077435,108814.54574
1576108800000.0,2019-12-12 00:00:00,ETH/USD,143.19,145.63,139.13,144.66,906.5502079358497,131141.55308
1576022400000.0,2019-12-11 00:00:00,ETH/USD,145.47,146.16,142.06,143.19,845.8034575040157,121110.59708
1575936000000.0,2019-12-10 00:00:00,ETH/USD,147.12,147.85,143.72,145.48,275.39598597745396,40064.60804
1575849600000.0,2019-12-09 00:00:00,ETH/USD,150.65,151.27,146.69,147.12,93.9325566884176,13819.35774
1575763200000.0,2019-12-08 00:00:00,ETH/USD,147.36,151.81,146.32,150.65,74.51417968801859,11225.56117
1575676800000.0,2019-12-07 00:00:00,ETH/USD,148.75,149.67,147.05,147.36,329.6711517372421,48580.34092
1575590400000.0,2019-12-06 00:00:00,ETH/USD,148.14,149.75,146.07,148.75,1250.6999189915966,186041.61295
1575504000000.0,2019-12-05 00:00:00,ETH/USD,145.45,148.92,143.88,148.13,1997.904737730372,295949.6288
1575417600000.0,2019-12-04 00:00:00,ETH/USD,147.29,152.18,143.21,145.45,1521.182935579237,221256.05798
1575331200000.0,2019-12-03 00:00:00,ETH/USD,148.78,150.01,145.79,147.29,1068.5717386787971,157389.93139
1575244800000.0,2019-12-02 00:00:00,ETH/USD,150.85,151.44,146.81,148.78,911.3992121252855,135597.97478
1575158400000.0,2019-12-01 00:00:00,ETH/USD,151.56,152.44,145.98,150.85,864.0369043420617,130339.96702
1575072000000.0,2019-11-30 00:00:00,ETH/USD,154.84,155.5,149.96,151.62,745.1529426856615,112980.08917
1574985600000.0,2019-11-29 00:00:00,ETH/USD,150.95,157.87,150.49,154.84,1645.0649326401447,254721.85417
1574899200000.0,2019-11-28 00:00:00,ETH/USD,152.93,154.8,149.31,150.95,3425.9769569393843,517151.22165
1574812800000.0,2019-11-27 00:00:00,ETH/USD,147.65,155.81,141.02,152.9,1146.3856799215173,175282.37046
1574726400000.0,2019-11-26 00:00:00,ETH/USD,146.01,149.91,143.64,147.65,3909.640810633254,577258.46569
1574640000000.0,2019-11-25 00:00:00,ETH/USD,139.97,151.5,131.83,146.04,5521.680188783896,806386.17477
1574553600000.0,2019-11-24 00:00:00,ETH/USD,152.06,153.0,138.64,139.96,679.5142929408402,95104.82044
1574467200000.0,2019-11-23 00:00:00,ETH/USD,149.81,154.3,146.46,152.06,725.4884196369854,110317.76909
1574380800000.0,2019-11-22 00:00:00,ETH/USD,160.78,162.52,137.58,149.81,19850.781372004538,2973845.55734
1574294400000.0,2019-11-21 00:00:00,ETH/USD,174.34,175.49,155.79,160.78,3062.6429965169796,492411.74098
1574208000000.0,2019-11-20 00:00:00,ETH/USD,175.75,177.23,173.21,174.34,757.4240361362854,132049.30646
1574121600000.0,2019-11-19 00:00:00,ETH/USD,177.83,178.03,172.31,175.75,1126.7031831009956,198018.08443
1574035200000.0,2019-11-18 00:00:00,ETH/USD,183.68,183.71,173.9,177.83,1014.1576755890457,180347.65945
1573948800000.0,2019-11-17 00:00:00,ETH/USD,182.05,185.95,179.96,183.68,1170.6658653092334,215027.90614
1573862400000.0,2019-11-16 00:00:00,ETH/USD,179.58,183.06,179.01,182.05,240.02139357319416,43695.8947
1573776000000.0,2019-11-15 00:00:00,ETH/USD,184.49,186.06,177.16,179.58,1041.51042359951,187034.44187
1573689600000.0,2019-11-14 00:00:00,ETH/USD,187.72,188.28,182.65,184.49,1202.4615701122011,221842.13507
1573603200000.0,2019-11-13 00:00:00,ETH/USD,186.89,189.33,185.13,187.72,533.7071484125294,100187.5059
1573516800000.0,2019-11-12 00:00:00,ETH/USD,184.59,187.11,182.1,186.88,783.8487033925514,146485.64569
1573430400000.0,2019-11-11 00:00:00,ETH/USD,188.73,189.96,183.86,184.59,472.97358117991223,87306.19335
1573344000000.0,2019-11-10 00:00:00,ETH/USD,184.75,192.76,183.2,188.73,576.4532364224024,108794.01931
1573257600000.0,2019-11-09 00:00:00,ETH/USD,183.38,185.48,182.51,184.75,319.2378906630582,58979.2003
1573171200000.0,2019-11-08 00:00:00,ETH/USD,186.3,187.95,180.45,183.38,505.65632162722216,92727.25626
1573084800000.0,2019-11-07 00:00:00,ETH/USD,191.02,192.03,184.38,186.32,380.519807589094,70898.45055
1572998400000.0,2019-11-06 00:00:00,ETH/USD,188.73,194.36,187.84,190.97,357.19718657380747,68213.94672
1572912000000.0,2019-11-05 00:00:00,ETH/USD,186.08,192.41,180.09,188.77,1287.1637992265719,242977.91038
1572825600000.0,2019-11-04 00:00:00,ETH/USD,181.55,189.47,180.45,186.08,1135.9099335232158,211370.12043
1572739200000.0,2019-11-03 00:00:00,ETH/USD,183.09,184.81,178.94,181.53,877.0434746322921,159209.70195
1572652800000.0,2019-11-02 00:00:00,ETH/USD,183.26,186.04,181.86,183.09,230.45591282975585,42194.17308
1572566400000.0,2019-11-01 00:00:00,ETH/USD,182.32,184.92,176.9,183.26,193.93702390046928,35540.899
1572480000000.0,2019-10-31 00:00:00,ETH/USD,183.41,185.58,178.14,182.32,485.796982064502,88570.50577
1572393600000.0,2019-10-30 00:00:00,ETH/USD,191.07,192.2,180.0,183.43,1720.0590636755164,315510.43405
1572307200000.0,2019-10-29 00:00:00,ETH/USD,182.04,193.08,181.75,191.09,1968.4407717305983,376149.34707
1572220800000.0,2019-10-28 00:00:00,ETH/USD,184.27,190.14,180.95,181.98,686.3596889768107,124903.7362
1572134400000.0,2019-10-27 00:00:00,ETH/USD,180.03,189.14,176.94,184.22,559.8401080230159,103133.7447
1572048000000.0,2019-10-26 00:00:00,ETH/USD,181.66,191.75,174.2,180.03,725.0147108815198,130524.3984
1571961600000.0,2019-10-25 00:00:00,ETH/USD,160.59,187.56,160.53,181.66,3636.1793654079047,660548.34352
1571875200000.0,2019-10-24 00:00:00,ETH/USD,162.37,169.25,159.13,160.61,411.46372990473816,66085.18966
1571788800000.0,2019-10-23 00:00:00,ETH/USD,171.25,171.44,152.96,162.35,10347.959109824455,1679991.16148
1571702400000.0,2019-10-22 00:00:00,ETH/USD,174.25,175.28,170.57,171.27,466.00512751795407,79812.69819
1571616000000.0,2019-10-21 00:00:00,ETH/USD,175.47,178.01,171.8,174.33,735.503818160959,128220.38062
1571529600000.0,2019-10-20 00:00:00,ETH/USD,172.01,176.73,169.29,175.47,233.6896946486579,41005.53072
1571443200000.0,2019-10-19 00:00:00,ETH/USD,172.96,175.0,169.86,172.01,452.51877844311383,77837.75508
1571356800000.0,2019-10-18 00:00:00,ETH/USD,177.19,177.38,168.46,172.96,1123.7168092622571,194358.05933
1571270400000.0,2019-10-17 00:00:00,ETH/USD,174.47,178.9,172.68,177.19,1463.856116598002,259380.6653
1571184000000.0,2019-10-16 00:00:00,ETH/USD,180.49,181.17,171.85,174.47,920.5435720181121,160607.23701
1571097600000.0,2019-10-15 00:00:00,ETH/USD,186.82,188.45,177.23,180.49,1073.9748099617707,193841.71345
1571011200000.0,2019-10-14 00:00:00,ETH/USD,181.03,187.72,180.56,186.82,700.0614867787175,130785.48696
1570924800000.0,2019-10-13 00:00:00,ETH/USD,179.71,184.66,178.76,181.03,215.0910683864553,38937.93611
1570838400000.0,2019-10-12 00:00:00,ETH/USD,180.83,184.74,177.83,179.71,54.83627588893217,9854.62714
1570752000000.0,2019-10-11 00:00:00,ETH/USD,191.78,197.35,179.4,180.8,44.18775907079646,7989.14684
1570665600000.0,2019-10-10 00:00:00,ETH/USD,192.97,194.54,187.5,191.78,229.7842587861091,44068.02515
1570579200000.0,2019-10-09 00:00:00,ETH/USD,180.56,195.69,179.05,192.97,2701.718340778359,521350.58822
1570492800000.0,2019-10-08 00:00:00,ETH/USD,180.2,185.13,177.24,180.56,305.31481391227294,55127.6428
1570406400000.0,2019-10-07 00:00:00,ETH/USD,170.1,182.39,168.64,180.12,957.5773149011769,172478.82596
1570320000000.0,2019-10-06 00:00:00,ETH/USD,176.65,177.1,167.93,170.07,5.462566766625508,929.01873
1570233600000.0,2019-10-05 00:00:00,ETH/USD,175.97,177.09,172.36,176.65,6.430993263515425,1136.03496
1570147200000.0,2019-10-04 00:00:00,ETH/USD,175.16,179.55,171.23,175.97,23.284298062169686,4097.33793
1570060800000.0,2019-10-03 00:00:00,ETH/USD,180.85,181.25,145.0,175.16,150.03260904316053,26279.7118
1569974400000.0,2019-10-02 00:00:00,ETH/USD,176.25,181.62,174.27,180.85,178.9658001105889,32365.96495
1569888000000.0,2019-10-01 00:00:00,ETH/USD,181.14,185.7,173.81,176.25,560.0049642553191,98700.87495
1569801600000.0,2019-09-30 00:00:00,ETH/USD,169.39,181.58,165.35,181.14,379.35435640940716,68716.24812
1569715200000.0,2019-09-29 00:00:00,ETH/USD,173.86,174.81,164.54,169.39,341.85430515378715,57906.70075
1569628800000.0,2019-09-28 00:00:00,ETH/USD,174.25,175.91,168.47,173.86,576.0051391924537,100144.2535
1569542400000.0,2019-09-27 00:00:00,ETH/USD,165.98,177.28,161.32,174.25,993.5721800860832,173129.95238
1569456000000.0,2019-09-26 00:00:00,ETH/USD,169.82,170.79,152.21,165.96,511.1650369366112,84832.94953
1569369600000.0,2019-09-25 00:00:00,ETH/USD,166.26,174.97,162.37,169.82,230.903404487104,39212.01615
1569283200000.0,2019-09-24 00:00:00,ETH/USD,201.02,202.59,154.49,166.28,21154.87270591773,3517632.23354
1569196800000.0,2019-09-23 00:00:00,ETH/USD,211.13,211.56,198.37,201.1,140.05173033316757,28164.40297
1569110400000.0,2019-09-22 00:00:00,ETH/USD,214.7,215.25,206.1,210.98,210.6608067589345,44445.21701
1569024000000.0,2019-09-21 00:00:00,ETH/USD,217.88,221.21,213.2,214.7,175.23610568234747,37623.19189
1568937600000.0,2019-09-20 00:00:00,ETH/USD,220.83,221.97,212.36,217.88,6378.36119639251,1389717.33747
1568851200000.0,2019-09-19 00:00:00,ETH/USD,210.19,224.26,202.05,220.81,292.8049875911417,64654.26931
1568764800000.0,2019-09-18 00:00:00,ETH/USD,207.83,217.12,207.76,210.11,777.9274051687211,163450.3271
1568678400000.0,2019-09-17 00:00:00,ETH/USD,197.71,215.06,196.2,207.93,654.0244125907757,135991.29611
1568592000000.0,2019-09-16 00:00:00,ETH/USD,189.26,199.39,188.37,197.7,248.4388995447648,49116.37044
1568505600000.0,2019-09-15 00:00:00,ETH/USD,188.76,190.86,186.21,189.26,0.0,0.0
1568419200000.0,2019-09-14 00:00:00,ETH/USD,181.565,189.19,180.39,188.76,45.995619834710745,8682.1332
