long_term_period,bb_period,multiple,atr_period,win_rate,equity,risk/reward
50,6,1.4,4,0.656716418,1.74931189,1.603865685
50,6,1.4,6,0.632352941,1.740103756,1.677587783
50,6,1.4,8,0.656716418,1.744592091,1.536729871
50,6,1.4,10,0.647058824,1.708268311,1.511729151
50,6,1.4,12,0.656716418,1.727232621,1.502004362
50,6,1.5,16,0.634615385,1.509313289,1.643270056
50,6,1.5,18,0.634615385,1.501502963,1.659120321
50,6,1.6,4,0.625,1.544160944,2.094531038
50,6,1.6,6,0.585365854,1.531250595,2.313720184
50,6,1.6,8,0.609756098,1.521448876,2.133366472
50,6,1.6,10,0.609756098,1.510011126,2.105278756
50,6,1.6,12,0.609756098,1.506840389,2.080509539
50,6,1.6,14,0.634146341,1.549919883,2.043746378
50,6,1.6,16,0.634146341,1.538531492,2.036375955
50,6,1.6,18,0.634146341,1.534116867,2.038141026
50,6,1.6,20,0.634146341,1.52995041,2.046059289
50,7,1.3,4,0.651515152,1.748490909,1.532751954
50,7,1.3,6,0.626865672,1.737488077,1.60444895
50,7,1.3,8,0.661538462,1.770173651,1.50502987
50,7,1.4,4,0.618181818,1.591680775,1.752626809
50,7,1.4,6,0.589285714,1.584568066,1.874445801
50,7,1.4,8,0.618181818,1.588413665,1.756202631
50,7,1.4,10,0.607142857,1.555709624,1.725702437
50,7,1.4,12,0.618181818,1.573984801,1.720532697
50,7,1.4,14,0.611111111,1.540997968,1.69417176
50,7,1.4,16,0.611111111,1.532054426,1.671148152
50,7,1.4,18,0.611111111,1.524023106,1.69078118
50,7,1.4,20,0.611111111,1.521618771,1.696644987
50,8,1.2,4,0.590909091,1.689976356,1.619415216
50,8,1.2,6,0.590909091,1.75564008,1.676890219
50,8,1.2,8,0.590909091,1.735587189,1.679479224
50,8,1.2,10,0.590909091,1.646729274,1.602562015
50,8,1.2,12,0.6,1.700734163,1.591765844
50,8,1.2,14,0.619047619,1.724369466,1.544465989
50,8,1.2,16,0.619047619,1.722499706,1.556322352
50,8,1.2,18,0.619047619,1.718049877,1.548548147
50,8,1.2,20,0.634920635,1.765286139,1.521293361
50,8,1.3,4,0.576271186,1.637846061,1.773388554
50,8,1.3,6,0.576271186,1.684170917,1.835432355
50,8,1.3,8,0.576271186,1.666584984,1.82711973
50,8,1.3,10,0.586206897,1.633804505,1.741297907
50,8,1.3,12,0.586206897,1.633641579,1.722637653
50,8,1.3,14,0.596491228,1.630345457,1.672043361
50,8,1.3,16,0.596491228,1.624301161,1.680384008
50,8,1.3,18,0.596491228,1.62350517,1.674682388
50,8,1.3,20,0.596491228,1.619689868,1.673980498
50,9,1,4,0.628571429,1.757854515,1.552722686
50,9,1,6,0.611111111,1.742224475,1.582991375
50,9,1,8,0.611111111,1.736425253,1.567845694
50,9,1,10,0.61971831,1.733510574,1.512054602
50,9,1,12,0.61971831,1.732937163,1.506794964
50,9,1.1,4,0.576271186,1.520054033,1.614938533
50,9,1.1,6,0.576271186,1.547119271,1.617984512
50,9,1.1,8,0.576271186,1.533149969,1.604095288
50,9,1.1,12,0.576271186,1.517296755,1.57486817
50,9,1.1,14,0.586206897,1.552132127,1.557953897
50,9,1.1,16,0.586206897,1.553083926,1.548934762
50,9,1.1,18,0.586206897,1.5545912,1.538171065
60,6,1.4,4,0.656716418,1.755367025,1.585979516
60,6,1.4,6,0.623188406,1.692334618,1.669182546
60,6,1.4,8,0.647058824,1.711302944,1.538241633
60,6,1.4,10,0.637681159,1.692079081,1.512268263
60,6,1.4,12,0.647058824,1.71187178,1.506292547
60,7,1.3,4,0.651515152,1.769788889,1.506661191
60,7,1.3,6,0.611940299,1.66004453,1.605481431
60,7,1.3,8,0.646153846,1.705829737,1.511848018
60,7,1.4,4,0.618181818,1.62964109,1.763646425
60,7,1.4,6,0.571428571,1.510182933,1.89441489
60,7,1.4,8,0.6,1.526877438,1.774479298
60,7,1.4,10,0.596491228,1.572274671,1.730968066
60,7,1.4,12,0.607142857,1.591681776,1.728987564
60,7,1.4,14,0.607142857,1.588899566,1.695910549
60,7,1.4,16,0.6,1.514713537,1.681583734
60,7,1.4,18,0.6,1.510677186,1.701899009
60,7,1.4,20,0.6,1.514806643,1.708213802
60,8,1.2,4,0.602941176,1.766458106,1.60683953
60,8,1.2,6,0.594202899,1.778560351,1.658985099
60,8,1.2,8,0.594202899,1.773378585,1.657041256
60,8,1.2,10,0.594202899,1.717040409,1.590336951
60,8,1.2,12,0.602941176,1.755815434,1.574166929
60,8,1.2,14,0.621212121,1.783192516,1.531983625
60,8,1.2,16,0.621212121,1.77834796,1.541728186
60,8,1.2,18,0.621212121,1.77834967,1.532462044
60,8,1.2,20,0.636363636,1.835133767,1.50800279
60,8,1.3,4,0.590163934,1.730085263,1.758886454
60,8,1.3,6,0.573770492,1.656011133,1.82382188
60,8,1.3,8,0.573770492,1.652823419,1.818620013
60,8,1.3,10,0.590163934,1.703563785,1.719667367
60,8,1.3,12,0.590163934,1.704397615,1.705732601
60,8,1.3,14,0.6,1.703802531,1.660820444
60,8,1.3,16,0.593220339,1.627676557,1.67657814
60,8,1.3,18,0.593220339,1.631094172,1.670601062
60,8,1.3,20,0.593220339,1.634287467,1.670739674
60,8,1.4,4,0.56,1.544348419,1.857600712
60,9,1,4,0.628571429,1.775560278,1.544973243
60,9,1,6,0.602739726,1.725521423,1.59352149
60,9,1,8,0.602739726,1.735162342,1.572425903
60,9,1,10,0.611111111,1.733746316,1.50624248
60,9,1,12,0.611111111,1.737054032,1.503171668
60,9,1.1,4,0.583333333,1.564522567,1.618773305
60,9,1.1,6,0.573770492,1.54042817,1.618433433
60,9,1.1,8,0.573770492,1.540175003,1.599009912
60,9,1.1,12,0.573770492,1.533556012,1.569858131
60,9,1.1,14,0.583333333,1.569073289,1.554501506
60,9,1.1,16,0.583333333,1.56939915,1.545014809
60,9,1.1,18,0.583333333,1.577630296,1.531754375
60,9,1.3,20,0.568627451,1.508548659,1.712476017
70,6,1.4,4,0.652173913,1.699235409,1.55109215
70,6,1.4,6,0.61971831,1.641364717,1.6268968
70,7,1.3,6,0.6,1.580758491,1.567721984
70,7,1.4,4,0.607142857,1.557414197,1.74303763
70,7,1.4,10,0.586206897,1.508645801,1.680679775
70,7,1.4,12,0.586206897,1.513055125,1.681162892
70,7,1.4,14,0.586206897,1.512525953,1.651961588
70,8,1.2,4,0.591549296,1.640867354,1.563676451
70,8,1.2,6,0.575342466,1.620257025,1.604585132
70,8,1.2,8,0.583333333,1.648908259,1.594757093
70,8,1.2,10,0.583333333,1.596976953,1.529863921
70,8,1.2,12,0.591549296,1.636071047,1.509832094
70,8,1.3,4,0.578125,1.669944492,1.713759078
70,8,1.3,6,0.553846154,1.567627795,1.775352332
70,8,1.3,8,0.5625,1.596930029,1.757247761
70,8,1.3,10,0.578125,1.646421119,1.657502602
70,8,1.3,12,0.578125,1.650283704,1.645133159
70,8,1.3,14,0.587301587,1.651495815,1.605711215
70,8,1.3,16,0.580645161,1.577823321,1.616976154
70,8,1.3,18,0.580645161,1.581098409,1.607853274
70,8,1.3,20,0.590163934,1.600349996,1.60152838
70,9,1,4,0.6,1.598571555,1.512915262
70,9,1,6,0.569620253,1.529049467,1.543733762
70,9,1,8,0.584415584,1.587495871,1.513571975
70,9,1.3,4,0.566037736,1.530598288,1.754282087
70,9,1.3,12,0.555555556,1.512428795,1.715204104
70,9,1.3,14,0.555555556,1.511879544,1.697986112
70,9,1.3,16,0.555555556,1.508217496,1.693258293
70,9,1.3,18,0.555555556,1.509621607,1.685588535
70,9,1.3,20,0.58490566,1.563641877,1.634702856
70,10,1.2,20,0.612244898,1.503489499,1.504337952
70,10,1.3,20,0.608695652,1.510197763,1.611790367
80,6,1.4,6,0.621621622,1.579167781,1.530009936
80,7,1.4,4,0.606557377,1.573143287,1.642402286
80,7,1.4,10,0.596774194,1.555339204,1.605043346
80,7,1.4,12,0.596774194,1.561891742,1.600014917
80,7,1.4,14,0.596774194,1.561562989,1.571925455
80,8,1.2,6,0.584415584,1.640871045,1.525183832
80,8,1.2,8,0.592105263,1.663891739,1.522775637
80,8,1.3,4,0.588235294,1.714008368,1.635733443
80,8,1.3,6,0.573529412,1.641944282,1.693329663
80,8,1.3,8,0.582089552,1.664533285,1.688833183
80,8,1.3,10,0.597014925,1.71890078,1.600016319
80,8,1.3,12,0.597014925,1.722355364,1.581884075
80,8,1.3,14,0.606060606,1.721564648,1.544640845
80,8,1.3,16,0.6,1.643301599,1.555441826
80,8,1.3,18,0.6,1.647365468,1.547741723
80,8,1.3,20,0.609375,1.668597579,1.543146326
80,9,1.3,4,0.571428571,1.558245801,1.683722077
80,9,1.3,6,0.551724138,1.549768394,1.74868307
80,9,1.3,8,0.561403509,1.587411586,1.742321774
80,9,1.3,10,0.561403509,1.541420841,1.694886151
80,9,1.3,12,0.571428571,1.573017856,1.661913007
80,9,1.3,14,0.571428571,1.572219712,1.649137295
80,9,1.3,16,0.571428571,1.567125945,1.648920588
80,9,1.3,18,0.571428571,1.569170491,1.644116163
80,9,1.3,20,0.6,1.627884132,1.598448485
90,7,1.4,4,0.59375,1.521338044,1.612094333
90,7,1.4,10,0.584615385,1.526553401,1.582578108
90,7,1.4,12,0.578125,1.518433086,1.610218808
90,7,1.4,14,0.578125,1.517498536,1.579909947
90,8,1.2,6,0.575,1.619264374,1.514189554
90,8,1.2,8,0.582278481,1.649038236,1.509533468
90,8,1.3,4,0.583333333,1.719382023,1.615795593
90,8,1.3,6,0.569444444,1.658865595,1.680171278
90,8,1.3,8,0.577464789,1.688914325,1.672721458
90,8,1.3,10,0.591549296,1.750006613,1.602992015
90,8,1.3,12,0.585714286,1.736878705,1.61307588
90,8,1.3,14,0.594202899,1.735378086,1.574559818
90,8,1.3,16,0.588235294,1.657439603,1.584074145
90,8,1.3,18,0.588235294,1.66280783,1.57085433
90,8,1.3,20,0.597014925,1.684381262,1.563804373
90,9,1.3,8,0.557377049,1.601606771,1.726229539
90,9,1.3,10,0.557377049,1.560491197,1.692366294
90,9,1.3,16,0.559322034,1.548100665,1.654380095
90,9,1.3,18,0.559322034,1.551304663,1.645355445
90,9,1.3,20,0.568965517,1.584194609,1.627943711
90,10,1.2,8,0.566666667,1.510610696,1.588811933
90,18,1.3,8,0.571428571,1.500064943,2.114843005
90,18,1.3,10,0.571428571,1.508147356,2.147442447
90,18,1.3,16,0.588235294,1.513908482,2.011622454
90,18,1.3,18,0.588235294,1.512275731,2.013666427
90,19,1.3,4,0.5625,1.506124861,2.100023532
100,7,1.4,4,0.609375,1.584757359,1.608621829
100,7,1.4,8,0.59375,1.517531968,1.609826789
100,7,1.4,10,0.6,1.586234585,1.587056597
100,7,1.4,12,0.59375,1.57887742,1.611822855
100,7,1.4,14,0.59375,1.57829034,1.580332991
100,7,1.4,16,0.587301587,1.502420705,1.560014883
100,7,1.4,18,0.587301587,1.501012007,1.568210635
100,7,1.4,20,0.587301587,1.503411555,1.572316378
100,8,1.3,4,0.591549296,1.727873921,1.588998726
100,8,1.3,6,0.583333333,1.679844528,1.623123425
100,8,1.3,8,0.577464789,1.669336079,1.645222172
100,8,1.3,10,0.591549296,1.72819466,1.578172111
100,8,1.3,12,0.591549296,1.747185219,1.575866447
100,8,1.3,14,0.6,1.746120381,1.536694787
100,8,1.3,16,0.594202899,1.666766687,1.543849123
100,8,1.3,18,0.594202899,1.669940967,1.531081021
100,8,1.3,20,0.594202899,1.671839648,1.525689176
100,9,1.3,4,0.568965517,1.558864871,1.659574777
100,9,1.3,6,0.557377049,1.575951085,1.691362607
100,9,1.3,8,0.566666667,1.611389522,1.693068636
100,9,1.3,10,0.566666667,1.56733699,1.661706413
100,9,1.3,12,0.559322034,1.587284248,1.679116604
100,9,1.3,14,0.559322034,1.587535792,1.659357151
100,9,1.3,16,0.576271186,1.607952225,1.627055555
100,9,1.3,18,0.576271186,1.610847698,1.61830069
100,9,1.3,20,0.559322034,1.583788216,1.639415478
100,10,1.2,8,0.578947368,1.515955126,1.582869715
100,10,1.2,16,0.589285714,1.512987249,1.508543067
100,10,1.4,10,0.583333333,1.524563327,1.797118496
100,11,1.3,8,0.571428571,1.510378309,1.854915938
100,11,1.3,12,0.583333333,1.523436074,1.775657017
100,11,1.3,14,0.595744681,1.516227923,1.699105431
100,11,1.3,16,0.595744681,1.510511291,1.687298964
100,11,1.3,18,0.595744681,1.513336306,1.669872046
100,11,1.3,20,0.586956522,1.504413918,1.704839722
100,20,1.1,4,0.575757576,1.522734058,2.006126372
100,20,1.1,8,0.575757576,1.500790193,2.124012791
100,20,1.1,10,0.575757576,1.505686015,2.165570892
100,20,1.1,12,0.558823529,1.509867978,2.187508178
100,20,1.1,14,0.575757576,1.506510534,2.05746906
100,20,1.1,16,0.59375,1.506020059,2.02315791
100,20,1.1,18,0.59375,1.503216047,2.016168688
110,6,1.4,6,0.644736842,1.777232508,1.52132595
110,6,1.5,4,0.610169492,1.581063893,1.720751955
110,6,1.5,6,0.573770492,1.556180937,1.849073041
110,6,1.5,8,0.590163934,1.567093903,1.713717252
110,6,1.5,10,0.590163934,1.568234509,1.692096714
110,6,1.5,12,0.590163934,1.57010421,1.683571129
110,6,1.5,14,0.606557377,1.608800301,1.635412486
110,6,1.5,16,0.616666667,1.630749903,1.637608932
110,6,1.5,18,0.616666667,1.627830953,1.644803606
110,6,1.5,20,0.616666667,1.630823965,1.650681907
110,6,1.6,14,0.586956522,1.534903602,2.014961421
110,6,1.6,16,0.586956522,1.523942994,2.01205823
110,6,1.6,18,0.586956522,1.524740441,2.011616793
110,6,1.6,20,0.586956522,1.526269402,2.026888922
110,7,1.3,6,0.604938272,1.745194739,1.52413787
110,7,1.4,4,0.609375,1.622333979,1.649927927
110,7,1.4,6,0.567164179,1.567600323,1.750542031
110,7,1.4,8,0.6,1.638919872,1.646735912
110,7,1.4,10,0.6,1.641305452,1.639481874
110,7,1.4,12,0.59375,1.63176169,1.667548592
110,7,1.4,14,0.59375,1.632518977,1.62128026
110,7,1.4,16,0.59375,1.623516332,1.600971155
110,7,1.4,18,0.59375,1.618997734,1.612191139
110,7,1.4,20,0.59375,1.621101416,1.618934965
110,7,1.5,4,0.589285714,1.541874056,1.755160964
110,7,1.5,6,0.551724138,1.523951778,1.899308685
110,7,1.5,8,0.578947368,1.556151323,1.78776444
110,7,1.5,10,0.578947368,1.557720399,1.774087813
110,7,1.5,12,0.571428571,1.54251759,1.811522567
110,7,1.5,14,0.581818182,1.546404833,1.729788276
110,7,1.5,16,0.581818182,1.536364007,1.707610499
110,7,1.5,18,0.581818182,1.531863912,1.717662121
110,7,1.5,20,0.581818182,1.534093436,1.725128627
110,8,1.2,8,0.594936709,1.762626517,1.517809515
110,8,1.3,4,0.597222222,1.796504244,1.604449166
110,8,1.3,6,0.594594595,1.838744715,1.639479255
110,8,1.3,8,0.589041096,1.831018431,1.66021999
110,8,1.3,10,0.597222222,1.815918546,1.611243145
110,8,1.3,12,0.597222222,1.834053204,1.611604174
110,8,1.3,14,0.605633803,1.833831414,1.559711267
110,8,1.3,16,0.605633803,1.827391889,1.565962332
110,8,1.3,18,0.605633803,1.829035366,1.556963919
110,8,1.3,20,0.605633803,1.830575457,1.555531454
110,8,1.4,8,0.551724138,1.510280786,1.722993265
110,8,1.4,12,0.551724138,1.505366706,1.7243032
110,8,1.4,14,0.561403509,1.507941395,1.655261427
110,8,1.4,16,0.561403509,1.502631005,1.647466686
110,8,1.4,18,0.561403509,1.509138219,1.65031914
110,8,1.4,20,0.561403509,1.507228974,1.658620086
110,9,1.1,4,0.569444444,1.556115863,1.517493043
110,9,1.1,6,0.567567568,1.578657824,1.514198072
110,9,1.1,8,0.575342466,1.613943475,1.522243342
110,9,1.1,10,0.575342466,1.610422517,1.521627181
110,9,1.1,12,0.561643836,1.586185807,1.535086914
110,9,1.2,4,0.553846154,1.531529922,1.546046374
110,9,1.2,8,0.560606061,1.569995372,1.532009131
110,9,1.2,10,0.560606061,1.556251679,1.546714747
110,9,1.3,4,0.576271186,1.657410778,1.685906163
110,9,1.3,6,0.564516129,1.679776031,1.722332208
110,9,1.3,8,0.573770492,1.7119279,1.731151772
110,9,1.3,10,0.583333333,1.702336599,1.699949846
110,9,1.3,12,0.566666667,1.686827735,1.732298644
110,9,1.3,14,0.566666667,1.693732117,1.695532236
110,9,1.3,16,0.583333333,1.713887088,1.668324281
110,9,1.3,18,0.583333333,1.715198168,1.665474856
110,9,1.3,20,0.566666667,1.683754943,1.691513999
110,9,1.4,8,0.553571429,1.579812747,1.846576434
110,9,1.4,10,0.563636364,1.573489831,1.804269908
110,9,1.4,14,0.555555556,1.55840345,1.734270665
110,9,1.4,16,0.574074074,1.57760325,1.696415485
110,9,1.4,18,0.574074074,1.581514404,1.698171691
110,9,1.4,20,0.555555556,1.555017955,1.725634245
110,10,1,6,0.565789474,1.63360765,1.515924259
110,10,1,8,0.573333333,1.673416204,1.518122522
110,10,1,12,0.567567568,1.629227307,1.50471876
110,10,1.1,4,0.5625,1.541066887,1.578926694
110,10,1.1,8,0.569230769,1.589956862,1.607167456
110,10,1.1,10,0.569230769,1.588390591,1.608481315
110,10,1.1,12,0.553846154,1.552914234,1.611685341
110,10,1.1,14,0.553846154,1.563709572,1.571276524
110,10,1.1,16,0.569230769,1.579612755,1.534818323
110,10,1.1,18,0.569230769,1.575321329,1.527989976
110,10,1.1,20,0.553846154,1.552543236,1.546771033
110,10,1.2,4,0.589285714,1.570682798,1.570985523
110,10,1.2,6,0.559322034,1.546075291,1.65435359
110,10,1.2,8,0.586206897,1.608746772,1.623447268
110,10,1.2,10,0.596491228,1.611271357,1.579645789
110,10,1.2,12,0.578947368,1.589253127,1.60788811
110,10,1.2,14,0.578947368,1.594490777,1.579042546
110,10,1.2,16,0.596491228,1.610870921,1.552568268
110,10,1.2,18,0.596491228,1.612758063,1.547469219
110,10,1.2,20,0.578947368,1.591269927,1.575523783
110,10,1.3,4,0.574074074,1.540838587,1.663518186
110,10,1.3,6,0.553571429,1.516641559,1.718079873
110,10,1.3,8,0.581818182,1.577467934,1.678986447
110,10,1.3,10,0.592592593,1.578894497,1.631580039
110,10,1.3,12,0.574074074,1.557225228,1.662136962
110,10,1.3,14,0.574074074,1.563115662,1.629528581
110,10,1.3,16,0.592592593,1.579594063,1.601380627
110,10,1.3,18,0.592592593,1.581651349,1.598606708
110,10,1.3,20,0.574074074,1.560148914,1.63474954
110,10,1.4,4,0.571428571,1.548542944,1.80880201
110,10,1.4,6,0.56,1.543405777,1.888841136
110,10,1.4,8,0.58,1.604013233,1.881499924
110,10,1.4,10,0.591836735,1.600604453,1.836244442
110,10,1.4,12,0.571428571,1.562725793,1.839170244
110,10,1.4,14,0.583333333,1.567942051,1.726614923
110,10,1.4,16,0.604166667,1.603048077,1.718030948
110,10,1.4,18,0.604166667,1.604168996,1.71161739
110,10,1.4,20,0.583333333,1.563093848,1.711854553
110,11,1.2,4,0.592592593,1.558910673,1.629793214
110,11,1.2,6,0.561403509,1.532540767,1.707712168
110,11,1.2,8,0.589285714,1.59398641,1.676724878
110,11,1.2,10,0.6,1.599763386,1.628878309
110,11,1.2,12,0.581818182,1.576665924,1.660776661
110,11,1.2,14,0.581818182,1.5796354,1.634389972
110,11,1.2,16,0.6,1.594386482,1.599329943
110,11,1.2,18,0.6,1.595306741,1.594759496
110,11,1.2,20,0.581818182,1.573784056,1.620259573
110,11,1.3,4,0.6,1.65642311,1.821698562
110,11,1.3,6,0.576923077,1.629264684,1.895160136
110,11,1.3,8,0.588235294,1.670687308,1.8981652
110,11,1.3,10,0.6,1.681220887,1.830913104
110,11,1.3,12,0.6,1.685639736,1.837262186
110,11,1.3,14,0.612244898,1.684264079,1.74480842
110,11,1.3,16,0.612244898,1.676322369,1.738038091
110,11,1.3,18,0.612244898,1.677721125,1.727547295
110,11,1.3,20,0.604166667,1.665227666,1.758583995
110,12,1,8,0.576271186,1.524144006,1.637590459
110,12,1,10,0.576271186,1.536318554,1.613259358
110,12,1,12,0.559322034,1.502701611,1.62408473
110,12,1,14,0.578947368,1.506701591,1.525463947
110,12,1.1,4,0.603773585,1.511052849,1.515623346
110,12,1.1,8,0.589285714,1.550898067,1.621888477
110,12,1.1,10,0.6,1.561282005,1.567271011
110,12,1.1,12,0.581818182,1.541245085,1.587652783
110,12,1.1,14,0.592592593,1.540054428,1.534449718
110,12,1.1,20,0.592592593,1.533208931,1.51175595
110,18,1.3,4,0.555555556,1.518973394,1.998061663
110,18,1.3,8,0.552631579,1.537854944,2.179397063
110,18,1.3,10,0.552631579,1.546255886,2.20894251
110,18,1.3,16,0.567567568,1.55281802,2.073704447
110,18,1.3,18,0.567567568,1.548884033,2.080326941
110,19,1.2,4,0.555555556,1.509916388,2.034200329
110,19,1.3,4,0.555555556,1.56732509,2.096788177
110,19,1.3,14,0.555555556,1.563474933,2.213485646
110,19,1.3,16,0.555555556,1.556913324,2.198137743
110,19,1.3,18,0.555555556,1.550862658,2.204258181
110,19,1.4,4,0.5625,1.564531227,2.172752592
110,19,1.4,14,0.5625,1.545137119,2.330407145
110,19,1.4,16,0.5625,1.541263211,2.317886385
110,19,1.4,18,0.5625,1.537614626,2.32202455
110,19,1.6,4,0.6,1.576380358,2.329297313
110,19,1.6,6,0.576923077,1.533157697,2.46907281
110,19,1.6,8,0.576923077,1.554505389,2.557540259
110,19,1.6,10,0.576923077,1.558328592,2.63073438
110,19,1.6,12,0.576923077,1.555946178,2.570761083
110,19,1.6,14,0.576923077,1.556749409,2.566488024
110,19,1.6,16,0.576923077,1.551553926,2.530578724
110,19,1.6,18,0.576923077,1.551020577,2.539781711
110,19,1.6,20,0.56,1.520921403,2.583252242
110,20,1.1,4,0.558823529,1.513316561,2.022950882
110,20,1.1,10,0.558823529,1.501781877,2.201009602
110,20,1.1,14,0.558823529,1.502216652,2.09454475
110,20,1.1,16,0.575757576,1.502029319,2.05177598
110,20,1.6,4,0.583333333,1.504089946,2.171355787
120,5,1.5,4,0.6,1.507641094,1.637860661
120,5,1.5,14,0.596153846,1.526732587,1.662919795
120,5,1.5,16,0.596153846,1.521833115,1.665576623
120,5,1.5,18,0.596153846,1.525488577,1.672677353
120,5,1.5,20,0.596153846,1.525703511,1.672759958
120,6,1.4,6,0.634146341,1.755657069,1.513959971
120,6,1.5,4,0.612903226,1.594564566,1.671956866
120,6,1.5,6,0.569230769,1.525728034,1.80898711
120,6,1.5,8,0.59375,1.581005741,1.6901039
120,6,1.5,10,0.584615385,1.540019088,1.673303257
120,6,1.5,12,0.584615385,1.54563724,1.666070136
120,6,1.5,14,0.6,1.586713688,1.621959051
120,6,1.5,16,0.609375,1.610215078,1.621702439
120,6,1.5,18,0.609375,1.607966842,1.630893094
120,6,1.5,20,0.609375,1.610840655,1.642707951
120,6,1.6,4,0.595744681,1.527985341,1.964201492
120,6,1.6,8,0.571428571,1.51810956,2.034692808
120,6,1.6,14,0.58,1.53595136,1.984103637
120,6,1.6,16,0.58,1.527179541,1.973022053
120,6,1.6,18,0.58,1.529185712,1.969910522
120,6,1.6,20,0.58,1.529998002,1.987057274
120,7,1.3,6,0.6,1.709549431,1.507798476
120,7,1.4,4,0.608695652,1.632922157,1.584442754
120,7,1.4,6,0.569444444,1.568433319,1.694574614
120,7,1.4,8,0.6,1.655812483,1.608029238
120,7,1.4,10,0.591549296,1.614168027,1.606334764
120,7,1.4,12,0.585714286,1.605851373,1.632439444
120,7,1.4,14,0.585714286,1.611380837,1.590998073
120,7,1.4,16,0.585714286,1.603291635,1.570532227
120,7,1.4,18,0.585714286,1.600147965,1.582995748
120,7,1.4,20,0.585714286,1.603139461,1.596167515
120,7,1.5,4,0.583333333,1.520759151,1.70021721
120,7,1.5,8,0.573770492,1.540605973,1.757895819
120,7,1.5,10,0.564516129,1.501188248,1.748998283
120,8,1.2,8,0.590361446,1.776479195,1.522660735
120,8,1.3,4,0.592105263,1.799434393,1.577134072
120,8,1.3,6,0.576923077,1.74901665,1.634005174
120,8,1.3,8,0.584415584,1.845408609,1.659173075
120,8,1.3,10,0.584415584,1.784976102,1.616447268
120,8,1.3,12,0.584415584,1.805679685,1.612833655
120,8,1.3,14,0.592105263,1.811296722,1.56658252
120,8,1.3,16,0.592105263,1.807324204,1.571030431
120,8,1.3,18,0.592105263,1.808855803,1.564978963
120,8,1.3,20,0.592105263,1.80857946,1.567323007
120,8,1.4,4,0.564516129,1.505084542,1.602172173
120,8,1.4,8,0.555555556,1.537901317,1.687334261
120,8,1.4,14,0.555555556,1.500174433,1.62963578
120,8,1.4,18,0.555555556,1.503350549,1.623603195
120,8,1.4,20,0.555555556,1.50230355,1.633425974
120,9,1.1,6,0.551282051,1.503448912,1.511915184
120,9,1.1,8,0.565789474,1.605892895,1.525299
120,9,1.1,10,0.558441558,1.560995426,1.529427293
120,9,1.1,12,0.551282051,1.564437505,1.540497931
120,9,1.1,14,0.551282051,1.574261837,1.509313447
120,9,1.3,4,0.5625,1.592980635,1.628107477
120,9,1.3,8,0.553846154,1.638162432,1.711553193
120,9,1.3,10,0.5625,1.629652551,1.687527964
120,9,1.3,12,0.553846154,1.643095025,1.710912444
120,9,1.3,14,0.553846154,1.652759531,1.680670534
120,9,1.3,16,0.5625,1.648751657,1.654311225
120,9,1.3,18,0.5625,1.651078227,1.653939881
120,9,1.3,20,0.553846154,1.645313986,1.685490793
120,9,1.4,16,0.551724138,1.512317971,1.671060392
120,9,1.4,18,0.551724138,1.517046108,1.674716949
120,10,1,8,0.551282051,1.532581295,1.511623471
120,10,1,12,0.551282051,1.518597551,1.511287321
120,10,1.2,4,0.573770492,1.513985697,1.522978736
120,10,1.2,8,0.564516129,1.53402156,1.600320646
120,10,1.2,10,0.573770492,1.537059057,1.561187585
120,10,1.2,12,0.564516129,1.54261413,1.586163997
120,10,1.2,14,0.564516129,1.550455271,1.56293696
120,10,1.2,16,0.573770492,1.544208941,1.533570078
120,10,1.2,18,0.573770492,1.547016162,1.530290481
120,10,1.2,20,0.564516129,1.549480245,1.569010024
120,10,1.3,8,0.559322034,1.508786733,1.657833818
120,10,1.3,10,0.568965517,1.510770585,1.61550593
120,10,1.3,12,0.559322034,1.516139641,1.640449378
120,10,1.3,14,0.559322034,1.524585857,1.614285143
120,10,1.3,16,0.568965517,1.518848146,1.584492416
120,10,1.3,18,0.568965517,1.521808224,1.58368007
120,10,1.3,20,0.559322034,1.523813383,1.629250164
120,11,1.2,4,0.576271186,1.501833967,1.593560596
120,11,1.2,8,0.566666667,1.519409327,1.659873795
120,11,1.2,10,0.576271186,1.525541474,1.620801008
120,11,1.2,12,0.566666667,1.52957691,1.65101147
120,11,1.2,14,0.566666667,1.535187746,1.628539223
120,11,1.2,16,0.576271186,1.527866198,1.591978056
120,11,1.2,18,0.576271186,1.529735086,1.590975485
120,11,1.2,20,0.566666667,1.531633077,1.627262235
120,11,1.3,4,0.566037736,1.536887305,1.791570263
120,11,1.3,8,0.555555556,1.557551783,1.884635594
120,11,1.3,10,0.566037736,1.568014918,1.821225832
120,11,1.3,12,0.566037736,1.574948831,1.825628687
120,11,1.3,14,0.576923077,1.576466964,1.736573262
120,11,1.3,16,0.576923077,1.571109328,1.729519113
120,11,1.3,18,0.576923077,1.573435512,1.720158634
120,11,1.3,20,0.576923077,1.585328809,1.757219036
120,17,1.7,4,0.571428571,1.527333641,2.306512276
120,17,1.7,8,0.551724138,1.509197559,2.604735459
120,17,1.7,10,0.551724138,1.512296384,2.650598699
120,17,1.7,12,0.551724138,1.509299541,2.611805103
120,17,1.7,14,0.551724138,1.509799904,2.603882696
120,17,1.7,16,0.551724138,1.503223415,2.530636891
120,17,1.7,18,0.551724138,1.503214704,2.552471805
120,17,1.7,20,0.551724138,1.500497407,2.5622458
130,6,1.4,6,0.619047619,1.701978272,1.513959971
130,6,1.5,4,0.584615385,1.512394333,1.671956866
130,6,1.5,8,0.567164179,1.512940486,1.6901039
130,6,1.5,14,0.573529412,1.518886915,1.621959051
130,6,1.5,16,0.582089552,1.540348476,1.621702439
130,6,1.5,18,0.582089552,1.53904237,1.630893094
130,6,1.5,20,0.582089552,1.541219922,1.642707951
130,7,1.3,6,0.586206897,1.657280364,1.507798476
130,7,1.4,4,0.591549296,1.576667043,1.584442754
130,7,1.4,6,0.554054054,1.520478843,1.694574614
130,7,1.4,8,0.583333333,1.60947103,1.608029238
130,7,1.4,10,0.575342466,1.571366609,1.606334764
130,7,1.4,12,0.569444444,1.563259559,1.632439444
130,7,1.4,14,0.569444444,1.569559325,1.590998073
130,7,1.4,16,0.569444444,1.560585026,1.570532227
130,7,1.4,18,0.569444444,1.558352853,1.582995748
130,7,1.4,20,0.569444444,1.560759021,1.596167515
130,8,1.2,8,0.576470588,1.720356574,1.522660735
130,8,1.3,4,0.576923077,1.730374775,1.577134072
130,8,1.3,6,0.5625,1.692101302,1.634005174
130,8,1.3,8,0.569620253,1.787108367,1.659173075
130,8,1.3,10,0.569620253,1.730023234,1.616447268
130,8,1.3,12,0.569620253,1.748675091,1.612833655
130,8,1.3,14,0.576923077,1.754533281,1.56658252
130,8,1.3,16,0.576923077,1.749211063,1.571030431
130,8,1.3,18,0.576923077,1.751214893,1.564978963
130,8,1.3,20,0.576923077,1.751212598,1.567323007
130,9,1.1,8,0.551282051,1.555159445,1.525299
130,10,1.2,8,0.555555556,1.515247053,1.600320646
130,10,1.2,10,0.564516129,1.521173524,1.561187585
130,10,1.2,12,0.555555556,1.527901618,1.586163997
130,10,1.2,14,0.555555556,1.535776966,1.56293696
130,10,1.2,16,0.564516129,1.5303384,1.533570078
130,10,1.2,18,0.564516129,1.533365496,1.530290481
130,10,1.2,20,0.555555556,1.534491592,1.569010024
130,10,1.3,8,0.559322034,1.513782412,1.657833818
130,10,1.3,10,0.568965517,1.518479921,1.61550593
130,10,1.3,12,0.559322034,1.52733894,1.640449378
130,10,1.3,14,0.559322034,1.536644702,1.614285143
130,10,1.3,16,0.568965517,1.53156553,1.584492416
130,10,1.3,18,0.568965517,1.534768694,1.58368007
130,10,1.3,20,0.559322034,1.535545785,1.629250164
130,11,1.2,8,0.557377049,1.500813656,1.659873795
130,11,1.2,10,0.566666667,1.509774975,1.620801008
130,11,1.2,12,0.557377049,1.514988739,1.65101147
130,11,1.2,14,0.557377049,1.520653981,1.628539223
130,11,1.2,16,0.566666667,1.514142453,1.591978056
130,11,1.2,18,0.566666667,1.516236907,1.590975485
130,11,1.2,20,0.557377049,1.516817066,1.627262235
130,11,1.3,14,0.555555556,1.527062751,1.736573262
130,11,1.3,16,0.555555556,1.520591497,1.729519113
130,11,1.3,18,0.555555556,1.523296493,1.720158634
130,11,1.3,20,0.555555556,1.5350433,1.757219036
140,5,1.4,6,0.573333333,1.524299019,1.551258272
140,5,1.5,14,0.58490566,1.512683459,1.662919795
140,5,1.5,16,0.58490566,1.50794157,1.665576623
140,5,1.5,18,0.58490566,1.511014681,1.672677353
140,5,1.5,20,0.58490566,1.512473853,1.672759958
140,6,1.4,6,0.641975309,1.80991706,1.513959971
140,6,1.5,4,0.603174603,1.566898636,1.671956866
140,6,1.5,6,0.569230769,1.548278524,1.80898711
140,6,1.5,8,0.584615385,1.575390947,1.6901039
140,6,1.5,10,0.584615385,1.571870812,1.673303257
140,6,1.5,12,0.584615385,1.569656764,1.666070136
140,6,1.5,14,0.6,1.60766906,1.621959051
140,6,1.5,16,0.609375,1.629593009,1.621702439
140,6,1.5,18,0.609375,1.62646916,1.630893094
140,6,1.5,20,0.609375,1.629470508,1.642707951
140,6,1.6,4,0.583333333,1.50147457,1.964201492
140,6,1.6,8,0.56,1.512718136,2.034692808
140,6,1.6,10,0.56,1.512838109,2.032291969
140,6,1.6,12,0.56,1.505852833,2.023171188
140,6,1.6,14,0.58,1.556236325,1.984103637
140,6,1.6,16,0.58,1.545558191,1.973022053
140,6,1.6,18,0.58,1.546781523,1.969910522
140,6,1.6,20,0.58,1.547692886,1.987057274
140,7,1.3,6,0.6,1.747107971,1.507798476
140,7,1.4,4,0.608695652,1.633487632,1.584442754
140,7,1.4,6,0.577464789,1.61690701,1.694574614
140,7,1.4,8,0.6,1.675906034,1.608029238
140,7,1.4,10,0.6,1.673253784,1.606334764
140,7,1.4,12,0.594202899,1.658672354,1.632439444
140,7,1.4,14,0.594202899,1.661303379,1.590998073
140,7,1.4,16,0.594202899,1.651002022,1.570532227
140,7,1.4,18,0.594202899,1.646876594,1.582995748
140,7,1.4,20,0.594202899,1.65012842,1.596167515
140,7,1.5,4,0.583333333,1.521285784,1.70021721
140,7,1.5,8,0.573770492,1.559301475,1.757895819
140,7,1.5,10,0.573770492,1.55613844,1.748998283
140,7,1.5,12,0.566666667,1.536456675,1.784436077
140,7,1.5,14,0.576271186,1.542056294,1.708804878
140,7,1.5,16,0.576271186,1.530986592,1.685247077
140,7,1.5,18,0.576271186,1.526937712,1.697420152
140,7,1.5,20,0.576271186,1.530191167,1.711602812
140,8,1.2,8,0.583333333,1.765834201,1.522660735
140,8,1.3,4,0.584415584,1.776736362,1.577134072
140,8,1.3,6,0.576923077,1.782934539,1.634005174
140,8,1.3,8,0.576923077,1.834350578,1.659173075
140,8,1.3,10,0.584415584,1.818791554,1.616447268
140,8,1.3,12,0.584415584,1.832703988,1.612833655
140,8,1.3,14,0.592105263,1.834619962,1.56658252
140,8,1.3,16,0.592105263,1.827397525,1.571030431
140,8,1.3,18,0.592105263,1.828657772,1.564978963
140,8,1.3,20,0.592105263,1.829286959,1.567323007
140,8,1.4,14,0.555555556,1.527938256,1.62963578
140,8,1.4,16,0.555555556,1.52086714,1.618792835
140,8,1.4,18,0.555555556,1.528828999,1.623603195
140,8,1.4,20,0.555555556,1.527795436,1.633425974
140,9,1.1,6,0.551282051,1.532604617,1.511915184
140,9,1.1,8,0.558441558,1.596270086,1.525299
140,9,1.1,10,0.558441558,1.590567679,1.529427293
140,9,1.1,12,0.551282051,1.587851311,1.540497931
140,9,1.1,14,0.551282051,1.594532887,1.509313447
140,9,1.3,4,0.553846154,1.577170953,1.628107477
140,9,1.3,10,0.553846154,1.620741694,1.687527964
140,9,1.3,16,0.553846154,1.631034488,1.654311225
140,9,1.3,18,0.553846154,1.633630666,1.653939881
140,10,1,8,0.551282051,1.554604991,1.511623471
140,10,1,12,0.551282051,1.540779122,1.511287321
140,10,1.2,4,0.573770492,1.522506729,1.522978736
140,10,1.2,8,0.564516129,1.556065953,1.600320646
140,10,1.2,10,0.573770492,1.560910535,1.561187585
140,10,1.2,12,0.564516129,1.565146502,1.586163997
140,10,1.2,14,0.564516129,1.570934232,1.56293696
140,10,1.2,16,0.573770492,1.56418899,1.533570078
140,10,1.2,18,0.573770492,1.567098948,1.530290481
140,10,1.2,20,0.564516129,1.567655124,1.569010024
140,10,1.3,4,0.568965517,1.525116419,1.611285135
140,10,1.3,8,0.568965517,1.554561857,1.657833818
140,10,1.3,10,0.578947368,1.558146568,1.61550593
140,10,1.3,12,0.568965517,1.564570109,1.640449378
140,10,1.3,14,0.568965517,1.571821833,1.614285143
140,10,1.3,16,0.578947368,1.565443264,1.584492416
140,10,1.3,18,0.578947368,1.568533016,1.58368007
140,10,1.3,20,0.568965517,1.568732101,1.629250164
140,11,1.2,4,0.576271186,1.510286607,1.593560596
140,11,1.2,8,0.566666667,1.541243738,1.659873795
140,11,1.2,10,0.576271186,1.549214227,1.620801008
140,11,1.2,12,0.566666667,1.551918853,1.65101147
140,11,1.2,14,0.566666667,1.555465049,1.628539223
140,11,1.2,16,0.576271186,1.547634794,1.591978056
140,11,1.2,18,0.576271186,1.549593536,1.590975485
140,11,1.2,20,0.566666667,1.549598615,1.627262235
140,11,1.3,4,0.555555556,1.521634327,1.791570263
140,11,1.3,10,0.555555556,1.559441093,1.821225832
140,11,1.3,12,0.555555556,1.562408038,1.825628687
140,11,1.3,14,0.566037736,1.562020529,1.736573262
140,11,1.3,16,0.566037736,1.554226489,1.729519113
140,11,1.3,18,0.566037736,1.556808431,1.720158634
140,11,1.3,20,0.566037736,1.568218757,1.757219036
150,5,1.4,6,0.578947368,1.555836644,1.548306954
150,5,1.5,4,0.596153846,1.501696157,1.633775993
150,5,1.5,14,0.592592593,1.543980759,1.641493969
150,5,1.5,16,0.592592593,1.539140761,1.645189312
150,5,1.5,18,0.592592593,1.542277455,1.651607856
150,5,1.5,20,0.592592593,1.543766817,1.651655101
150,6,1.4,6,0.641975309,1.80991706,1.513959971
150,6,1.5,4,0.603174603,1.566898636,1.671956866
150,6,1.5,6,0.569230769,1.548278524,1.80898711
150,6,1.5,8,0.584615385,1.575390947,1.6901039
150,6,1.5,10,0.584615385,1.571870812,1.673303257
150,6,1.5,12,0.584615385,1.569656764,1.666070136
150,6,1.5,14,0.6,1.60766906,1.621959051
150,6,1.5,16,0.609375,1.629593009,1.621702439
150,6,1.5,18,0.609375,1.62646916,1.630893094
150,6,1.5,20,0.609375,1.629470508,1.642707951
150,6,1.6,4,0.583333333,1.50147457,1.964201492
150,6,1.6,8,0.56,1.512718136,2.034692808
150,6,1.6,10,0.56,1.512838109,2.032291969
150,6,1.6,12,0.56,1.505852833,2.023171188
150,6,1.6,14,0.58,1.556236325,1.984103637
150,6,1.6,16,0.58,1.545558191,1.973022053
150,6,1.6,18,0.58,1.546781523,1.969910522
150,6,1.6,20,0.58,1.547692886,1.987057274
150,7,1.3,6,0.614457831,1.801810917,1.507798476
150,7,1.4,4,0.608695652,1.633487632,1.584442754
150,7,1.4,6,0.577464789,1.61690701,1.694574614
150,7,1.4,8,0.6,1.675906034,1.608029238
150,7,1.4,10,0.6,1.673253784,1.606334764
150,7,1.4,12,0.594202899,1.658672354,1.632439444
150,7,1.4,14,0.594202899,1.661303379,1.590998073
150,7,1.4,16,0.594202899,1.651002022,1.570532227
150,7,1.4,18,0.594202899,1.646876594,1.582995748
150,7,1.4,20,0.594202899,1.65012842,1.596167515
150,7,1.5,4,0.583333333,1.521285784,1.70021721
150,7,1.5,8,0.573770492,1.559301475,1.757895819
150,7,1.5,10,0.573770492,1.55613844,1.748998283
150,7,1.5,12,0.566666667,1.536456675,1.784436077
150,7,1.5,14,0.576271186,1.542056294,1.708804878
150,7,1.5,16,0.576271186,1.530986592,1.685247077
150,7,1.5,18,0.576271186,1.526937712,1.697420152
150,7,1.5,20,0.576271186,1.530191167,1.711602812
150,8,1.2,8,0.597560976,1.824042147,1.522660735
150,8,1.3,4,0.6,1.832836468,1.577134072
150,8,1.3,6,0.592105263,1.838759236,1.634005174
150,8,1.3,8,0.592105263,1.894817058,1.659173075
150,8,1.3,10,0.6,1.888162167,1.616447268
150,8,1.3,12,0.6,1.900276535,1.612833655
150,8,1.3,14,0.608108108,1.904115449,1.56658252
150,8,1.3,16,0.608108108,1.895950958,1.571030431
150,8,1.3,18,0.608108108,1.895139988,1.564978963
150,8,1.3,20,0.608108108,1.893155161,1.567323007
150,8,1.4,4,0.573770492,1.539284672,1.602172173
150,8,1.4,6,0.555555556,1.537043038,1.668033219
150,8,1.4,8,0.564516129,1.584954788,1.687334261
150,8,1.4,10,0.564516129,1.572353312,1.68896832
150,8,1.4,12,0.564516129,1.579580229,1.6921877
150,8,1.4,14,0.573770492,1.585816626,1.62963578
150,8,1.4,16,0.573770492,1.577921318,1.618792835
150,8,1.4,18,0.573770492,1.584410716,1.623603195
150,8,1.4,20,0.573770492,1.581137284,1.633425974
150,9,1.1,6,0.558441558,1.566890678,1.511915184
150,9,1.1,8,0.565789474,1.63327749,1.525299
150,9,1.1,10,0.565789474,1.629953726,1.529427293
150,9,1.1,12,0.558441558,1.626326919,1.540497931
150,9,1.1,14,0.558441558,1.63529562,1.509313447
150,9,1.3,4,0.553846154,1.577170953,1.628107477
150,9,1.3,10,0.553846154,1.620741694,1.687527964
150,9,1.3,16,0.553846154,1.631034488,1.654311225
150,9,1.3,18,0.553846154,1.633630666,1.653939881
150,10,1,8,0.551282051,1.554604991,1.511623471
150,10,1,12,0.551282051,1.540779122,1.511287321
150,10,1.2,4,0.573770492,1.522506729,1.522978736
150,10,1.2,8,0.564516129,1.556065953,1.600320646
150,10,1.2,10,0.573770492,1.560910535,1.561187585
150,10,1.2,12,0.564516129,1.565146502,1.586163997
150,10,1.2,14,0.564516129,1.570934232,1.56293696
150,10,1.2,16,0.573770492,1.56418899,1.533570078
150,10,1.2,18,0.573770492,1.567098948,1.530290481
150,10,1.2,20,0.564516129,1.567655124,1.569010024
150,10,1.3,4,0.568965517,1.525116419,1.611285135
150,10,1.3,8,0.568965517,1.554561857,1.657833818
150,10,1.3,10,0.578947368,1.558146568,1.61550593
150,10,1.3,12,0.568965517,1.564570109,1.640449378
150,10,1.3,14,0.568965517,1.571821833,1.614285143
150,10,1.3,16,0.578947368,1.565443264,1.584492416
150,10,1.3,18,0.578947368,1.568533016,1.58368007
150,10,1.3,20,0.568965517,1.568732101,1.629250164
150,11,1.2,4,0.576271186,1.510286607,1.593560596
150,11,1.2,8,0.566666667,1.541243738,1.659873795
150,11,1.2,10,0.576271186,1.549214227,1.620801008
150,11,1.2,12,0.566666667,1.551918853,1.65101147
150,11,1.2,14,0.566666667,1.555465049,1.628539223
150,11,1.2,16,0.576271186,1.547634794,1.591978056
150,11,1.2,18,0.576271186,1.549593536,1.590975485
150,11,1.2,20,0.566666667,1.549598615,1.627262235
150,11,1.3,4,0.555555556,1.521634327,1.791570263
150,11,1.3,10,0.555555556,1.559441093,1.821225832
150,11,1.3,12,0.555555556,1.562408038,1.825628687
150,11,1.3,14,0.566037736,1.562020529,1.736573262
150,11,1.3,16,0.566037736,1.554226489,1.729519113
150,11,1.3,18,0.566037736,1.556808431,1.720158634
150,11,1.3,20,0.566037736,1.568218757,1.757219036
160,6,1.4,6,0.6375,1.792790484,1.537112464
160,6,1.5,4,0.596774194,1.531569815,1.696131729
160,6,1.5,6,0.5625,1.51336953,1.836889122
160,6,1.5,8,0.578125,1.53987065,1.713650309
160,6,1.5,10,0.578125,1.536429884,1.695775325
160,6,1.5,12,0.578125,1.534265755,1.68799693
160,6,1.5,14,0.59375,1.571420989,1.640875665
160,6,1.5,16,0.603174603,1.59285062,1.639514989
160,6,1.5,18,0.603174603,1.589797204,1.64859459
160,6,1.5,20,0.603174603,1.592730881,1.661213377
160,6,1.6,14,0.571428571,1.521147907,2.02270992
160,6,1.6,16,0.571428571,1.510710532,2.009743357
160,6,1.6,18,0.571428571,1.511906282,2.006041746
160,6,1.6,20,0.571428571,1.512797096,2.02446997
160,7,1.3,6,0.614457831,1.825919206,1.517648839
160,7,1.4,4,0.602941176,1.618030543,1.615234296
160,7,1.4,6,0.571428571,1.601606816,1.728609408
160,7,1.4,8,0.594202899,1.660047554,1.63897788
160,7,1.4,10,0.594202899,1.657420402,1.637010259
160,7,1.4,12,0.588235294,1.642976951,1.664400448
160,7,1.4,14,0.588235294,1.645583079,1.62142246
160,7,1.4,16,0.588235294,1.6353792,1.600013248
160,7,1.4,18,0.588235294,1.631292809,1.612649509
160,7,1.4,20,0.588235294,1.634513865,1.626344538
160,7,1.5,4,0.576271186,1.506890419,1.740753318
160,7,1.5,8,0.566666667,1.544546381,1.79962408
160,7,1.5,10,0.566666667,1.541413278,1.790185308
160,7,1.5,12,0.559322034,1.521917753,1.827782647
160,7,1.5,14,0.568965517,1.527464385,1.749252826
160,7,1.5,16,0.568965517,1.516499432,1.724457856
160,7,1.5,18,0.568965517,1.512488865,1.73683151
160,7,1.5,20,0.568965517,1.515711533,1.751679061
160,8,1.2,8,0.597560976,1.837025669,1.526775235
160,8,1.3,4,0.6,1.857359879,1.595500008
160,8,1.3,6,0.592105263,1.863361894,1.645168918
160,8,1.3,8,0.592105263,1.920169771,1.671230081
160,8,1.3,10,0.6,1.913425838,1.627090096
160,8,1.3,12,0.6,1.925702296,1.623630167
160,8,1.3,14,0.608108108,1.929592575,1.576975237
160,8,1.3,16,0.608108108,1.921318843,1.581072077
160,8,1.3,18,0.608108108,1.920497022,1.575104655
160,8,1.3,20,0.608108108,1.918485638,1.577748434
160,8,1.4,4,0.566666667,1.52471899,1.639824603
160,8,1.4,8,0.557377049,1.569956946,1.726987182
160,8,1.4,10,0.557377049,1.557474714,1.728389757
160,8,1.4,12,0.557377049,1.564633245,1.731546183
160,8,1.4,14,0.566666667,1.57081063,1.666565579
160,8,1.4,16,0.566666667,1.562990032,1.654895819
160,8,1.4,18,0.566666667,1.569418024,1.65968431
160,8,1.4,20,0.566666667,1.566175567,1.670024191
160,9,1.1,6,0.558441558,1.581299207,1.513327703
160,9,1.1,8,0.565789474,1.648296486,1.527928568
160,9,1.1,10,0.565789474,1.644942158,1.538992775
160,9,1.1,12,0.558441558,1.641282001,1.548436701
160,9,1.1,14,0.558441558,1.650333175,1.525473478
160,9,1.3,4,0.553846154,1.591674015,1.628749693
160,9,1.3,10,0.553846154,1.635645416,1.698953401
160,9,1.3,16,0.553846154,1.646032859,1.661364563
160,9,1.3,18,0.553846154,1.64865291,1.665686331
160,10,1,8,0.551282051,1.568900545,1.514253039
160,10,1,10,0.558441558,1.564689251,1.506229269
160,10,1,12,0.551282051,1.554947539,1.519226091
160,10,1.2,4,0.573770492,1.53650712,1.523639301
160,10,1.2,8,0.564516129,1.570374942,1.603551259
160,10,1.2,10,0.573770492,1.575264073,1.572939464
160,10,1.2,12,0.564516129,1.579538992,1.595917343
160,10,1.2,14,0.564516129,1.585379944,1.582790712
160,10,1.2,16,0.573770492,1.578572675,1.54082494
160,10,1.2,18,0.573770492,1.581509391,1.542372544
160,10,1.2,20,0.564516129,1.582070683,1.579533284
160,10,1.3,4,0.568965517,1.539140807,1.611985735
160,10,1.3,8,0.568965517,1.568857014,1.661260226
160,10,1.3,10,0.578947368,1.572474689,1.627970043
160,10,1.3,12,0.568965517,1.578957298,1.650793836
160,10,1.3,14,0.568965517,1.586275706,1.635342153
160,10,1.3,16,0.578947368,1.579838483,1.592186966
160,10,1.3,18,0.578947368,1.582956647,1.596494379
160,10,1.3,20,0.568965517,1.583157563,1.640411198
160,11,1.2,4,0.576271186,1.524174626,1.594240589
160,11,1.2,8,0.566666667,1.555416427,1.663199426
160,11,1.2,10,0.576271186,1.56346021,1.63289853
160,11,1.2,12,0.566666667,1.566189706,1.661051679
160,11,1.2,14,0.566666667,1.569768512,1.648976909
160,11,1.2,16,0.576271186,1.561866253,1.599446296
160,11,1.2,18,0.576271186,1.563843007,1.603412902
160,11,1.2,20,0.566666667,1.563848133,1.638095003
160,11,1.3,4,0.555555556,1.535626695,1.792340922
160,11,1.3,10,0.555555556,1.573781118,1.834936357
160,11,1.3,12,0.555555556,1.576775346,1.837007591
160,11,1.3,14,0.566037736,1.576384274,1.759735973
160,11,1.3,16,0.566037736,1.568518563,1.737983119
160,11,1.3,18,0.566037736,1.571124247,1.734254374
160,11,1.3,20,0.566037736,1.582639498,1.769496173
160,17,1.7,4,0.551724138,1.505809411,2.313907604
170,5,1.5,14,0.6,1.505228025,1.571280943
170,5,1.5,16,0.6,1.500509508,1.571529999
170,5,1.5,18,0.6,1.503567472,1.576206242
170,5,1.5,20,0.6,1.505019452,1.577648958
170,6,1.5,4,0.609375,1.561664875,1.631476307
170,6,1.5,6,0.575757576,1.543106958,1.763679844
170,6,1.5,8,0.590909091,1.57012882,1.650051787
170,6,1.5,10,0.590909091,1.566620444,1.634314658
170,6,1.5,12,0.590909091,1.56441379,1.629471673
170,6,1.5,14,0.606060606,1.602299117,1.586871808
170,6,1.5,16,0.615384615,1.624149837,1.584902724
170,6,1.5,18,0.615384615,1.621036422,1.592918559
170,6,1.5,20,0.615384615,1.624027745,1.605126858
170,6,1.6,14,0.58,1.530873127,1.969764502
170,6,1.6,16,0.58,1.520369023,1.957249706
170,6,1.6,18,0.58,1.521572417,1.953263469
170,6,1.6,20,0.58,1.522468927,1.971793262
170,7,1.4,4,0.614285714,1.64982454,1.560356003
170,7,1.4,6,0.583333333,1.633078091,1.667528619
170,7,1.4,8,0.605633803,1.692667179,1.584768636
170,7,1.4,10,0.605633803,1.689988403,1.584000122
170,7,1.4,12,0.6,1.675261141,1.611179209
170,7,1.4,14,0.6,1.677918479,1.570916558
170,7,1.4,16,0.6,1.667514095,1.549882602
170,7,1.4,18,0.6,1.663347408,1.561336388
170,7,1.4,20,0.6,1.666631757,1.574589227
170,7,1.5,4,0.590163934,1.536500534,1.668230966
170,7,1.5,6,0.555555556,1.524765954,1.815756782
170,7,1.5,8,0.580645161,1.574896429,1.725949361
170,7,1.5,10,0.580645161,1.57170176,1.71835792
170,7,1.5,12,0.573770492,1.551823153,1.754581034
170,7,1.5,14,0.583333333,1.557478775,1.681341151
170,7,1.5,16,0.583333333,1.546298362,1.65718996
170,7,1.5,18,0.583333333,1.542208988,1.668159651
170,7,1.5,20,0.583333333,1.545494981,1.682410715
170,8,1.3,4,0.605263158,1.824780997,1.542324627
170,8,1.3,6,0.597402597,1.830677733,1.599021645
170,8,1.3,8,0.597402597,1.886489176,1.624069474
170,8,1.3,10,0.605263158,1.879863535,1.58186426
170,8,1.3,12,0.605263158,1.891924658,1.578969968
170,8,1.3,14,0.613333333,1.8957467,1.533315403
170,8,1.3,16,0.613333333,1.887618093,1.537325973
170,8,1.3,18,0.613333333,1.886810687,1.53106278
170,8,1.3,20,0.613333333,1.884834583,1.533963433
170,8,1.4,4,0.580645161,1.532519386,1.556997935
170,8,1.4,6,0.5625,1.530287603,1.62238682
170,8,1.4,8,0.571428571,1.577988777,1.641697405
170,8,1.4,10,0.571428571,1.565442686,1.642764448
170,8,1.4,12,0.571428571,1.57263784,1.646713154
170,8,1.4,14,0.580645161,1.578846828,1.585376317
170,8,1.4,16,0.580645161,1.57098622,1.574399295
170,8,1.4,18,0.580645161,1.577447097,1.578637399
170,8,1.4,20,0.580645161,1.574188052,1.588963658
170,9,1.1,12,0.564102564,1.61045616,1.509368835
170,9,1.3,4,0.560606061,1.583484348,1.590693092
170,9,1.3,8,0.552238806,1.6356669,1.677577309
170,9,1.3,10,0.560606061,1.627229502,1.662674813
170,9,1.3,12,0.552238806,1.636536522,1.686642623
170,9,1.3,14,0.552238806,1.644169314,1.666897417
170,9,1.3,16,0.560606061,1.637563498,1.628132179
170,9,1.3,18,0.560606061,1.640170068,1.630059732
170,9,1.3,20,0.552238806,1.634071616,1.658787352
170,10,1.2,8,0.571428571,1.543144117,1.555469947
170,10,1.2,10,0.580645161,1.547948468,1.524704176
170,10,1.2,12,0.571428571,1.552149259,1.548733974
170,10,1.2,14,0.571428571,1.557888926,1.535438904
170,10,1.2,20,0.571428571,1.554637049,1.529554382
170,10,1.3,4,0.576271186,1.512451592,1.556817089
170,10,1.3,8,0.576271186,1.54165251,1.608653279
170,10,1.3,10,0.586206897,1.545207454,1.575278839
170,10,1.3,12,0.576271186,1.551577652,1.599220959
170,10,1.3,14,0.576271186,1.558769156,1.583659313
170,10,1.3,16,0.586206897,1.552443556,1.541221073
170,10,1.3,18,0.586206897,1.555507651,1.543268293
170,10,1.3,20,0.576271186,1.555705082,1.585701833
170,11,1.2,8,0.573770492,1.528444987,1.612040129
170,11,1.2,10,0.583333333,1.536349288,1.581571975
170,11,1.2,12,0.573770492,1.539031454,1.610659232
170,11,1.2,14,0.573770492,1.542548202,1.598381157
170,11,1.2,16,0.583333333,1.534782971,1.549729161
170,11,1.2,18,0.583333333,1.536725447,1.551509889
170,11,1.2,20,0.573770492,1.536730485,1.58501494
170,11,1.3,4,0.563636364,1.51217633,1.728667138
170,11,1.3,8,0.553571429,1.53935055,1.825945444
170,11,1.3,10,0.563636364,1.549748101,1.773317168
170,11,1.3,12,0.563636364,1.552696605,1.777580373
170,11,1.3,14,0.574074074,1.552311505,1.702312693
170,11,1.3,16,0.574074074,1.54456591,1.680515421
170,11,1.3,18,0.574074074,1.547131803,1.674502802
170,11,1.3,20,0.574074074,1.558471206,1.708332815
170,17,1.7,4,0.566666667,1.518440254,2.251833522
170,17,1.8,4,0.571428571,1.532258361,2.295527058
170,17,1.8,8,0.551724138,1.522988868,2.65437341
170,17,1.8,10,0.551724138,1.528506068,2.712198446
170,17,1.8,12,0.551724138,1.525916964,2.69754498
170,17,1.8,14,0.551724138,1.527618637,2.702240219
170,17,1.8,16,0.551724138,1.521416715,2.635843432
170,17,1.8,18,0.551724138,1.523261342,2.644181262
170,17,1.8,20,0.551724138,1.520076709,2.659720359
170,20,1.8,4,0.56,1.566235066,2.513988328
180,5,1.5,14,0.6,1.505228025,1.571280943
180,5,1.5,16,0.6,1.500509508,1.571529999
180,5,1.5,18,0.6,1.503567472,1.576206242
180,5,1.5,20,0.6,1.505019452,1.577648958
180,6,1.5,4,0.609375,1.561664875,1.631476307
180,6,1.5,6,0.575757576,1.543106958,1.763679844
180,6,1.5,8,0.590909091,1.57012882,1.650051787
180,6,1.5,10,0.590909091,1.566620444,1.634314658
180,6,1.5,12,0.590909091,1.56441379,1.629471673
180,6,1.5,14,0.606060606,1.602299117,1.586871808
180,6,1.5,16,0.615384615,1.624149837,1.584902724
180,6,1.5,18,0.615384615,1.621036422,1.592918559
180,6,1.5,20,0.615384615,1.624027745,1.605126858
180,6,1.6,14,0.58,1.530873127,1.969764502
180,6,1.6,16,0.58,1.520369023,1.957249706
180,6,1.6,18,0.58,1.521572417,1.953263469
180,6,1.6,20,0.58,1.522468927,1.971793262
180,7,1.4,4,0.614285714,1.64982454,1.560356003
180,7,1.4,6,0.583333333,1.633078091,1.667528619
180,7,1.4,8,0.605633803,1.692667179,1.584768636
180,7,1.4,10,0.605633803,1.689988403,1.584000122
180,7,1.4,12,0.6,1.675261141,1.611179209
180,7,1.4,14,0.6,1.677918479,1.570916558
180,7,1.4,16,0.6,1.667514095,1.549882602
180,7,1.4,18,0.6,1.663347408,1.561336388
180,7,1.4,20,0.6,1.666631757,1.574589227
180,7,1.5,4,0.590163934,1.536500534,1.668230966
180,7,1.5,6,0.555555556,1.524765954,1.815756782
180,7,1.5,8,0.580645161,1.574896429,1.725949361
180,7,1.5,10,0.580645161,1.57170176,1.71835792
180,7,1.5,12,0.573770492,1.551823153,1.754581034
180,7,1.5,14,0.583333333,1.557478775,1.681341151
180,7,1.5,16,0.583333333,1.546298362,1.65718996
180,7,1.5,18,0.583333333,1.542208988,1.668159651
180,7,1.5,20,0.583333333,1.545494981,1.682410715
180,8,1.3,4,0.605263158,1.824780997,1.542324627
180,8,1.3,6,0.597402597,1.830677733,1.599021645
180,8,1.3,8,0.597402597,1.886489176,1.624069474
180,8,1.3,10,0.605263158,1.879863535,1.58186426
180,8,1.3,12,0.605263158,1.891924658,1.578969968
180,8,1.3,14,0.613333333,1.8957467,1.533315403
180,8,1.3,16,0.613333333,1.887618093,1.537325973
180,8,1.3,18,0.613333333,1.886810687,1.53106278
180,8,1.3,20,0.613333333,1.884834583,1.533963433
180,8,1.4,4,0.580645161,1.532519386,1.556997935
180,8,1.4,6,0.5625,1.530287603,1.62238682
180,8,1.4,8,0.571428571,1.577988777,1.641697405
180,8,1.4,10,0.571428571,1.565442686,1.642764448
180,8,1.4,12,0.571428571,1.57263784,1.646713154
180,8,1.4,14,0.580645161,1.578846828,1.585376317
180,8,1.4,16,0.580645161,1.57098622,1.574399295
180,8,1.4,18,0.580645161,1.577447097,1.578637399
180,8,1.4,20,0.580645161,1.574188052,1.588963658
180,9,1.3,4,0.553846154,1.530610731,1.543021423
180,9,1.3,10,0.553846154,1.572895205,1.621000143
180,9,1.3,16,0.553846154,1.582884142,1.601851751
180,9,1.3,18,0.553846154,1.585403676,1.604314552
180,10,1.2,12,0.564516129,1.500321942,1.506125017
180,10,1.2,20,0.564516129,1.502726663,1.502087786
180,10,1.3,14,0.568965517,1.506720796,1.543368524
180,10,1.3,16,0.578947368,1.500606412,1.509917845
180,10,1.3,18,0.578947368,1.503568194,1.512552598
180,10,1.3,20,0.568965517,1.503759034,1.558272033
180,11,1.3,12,0.555555556,1.500851011,1.735498137
180,11,1.3,14,0.566037736,1.50047877,1.661947937
180,11,1.3,20,0.566037736,1.506432794,1.682247735
180,17,1.7,4,0.566666667,1.518440254,2.251833522
180,17,1.8,4,0.571428571,1.532258361,2.295527058
180,17,1.8,8,0.551724138,1.522988868,2.65437341
180,17,1.8,10,0.551724138,1.528506068,2.712198446
180,17,1.8,12,0.551724138,1.525916964,2.69754498
180,17,1.8,14,0.551724138,1.527618637,2.702240219
180,17,1.8,16,0.551724138,1.521416715,2.635843432
180,17,1.8,18,0.551724138,1.523261342,2.644181262
180,17,1.8,20,0.551724138,1.520076709,2.659720359
180,20,1.8,4,0.56,1.566235066,2.513988328
190,6,1.5,4,0.603174603,1.513305531,1.603215683
190,6,1.5,8,0.584615385,1.521507377,1.628722031
190,6,1.5,14,0.590909091,1.529069152,1.574199775
190,6,1.5,16,0.6,1.551114527,1.57018809
190,6,1.5,18,0.6,1.549468665,1.576170304
190,6,1.5,20,0.6,1.550701664,1.586756792
190,7,1.4,4,0.608695652,1.598735197,1.533093526
190,7,1.4,6,0.577464789,1.582507327,1.645277986
190,7,1.4,8,0.6,1.640251148,1.563915925
190,7,1.4,10,0.6,1.637655325,1.571814589
190,7,1.4,12,0.594202899,1.623384114,1.598768728
190,7,1.4,14,0.594202899,1.625959164,1.558473521
190,7,1.4,16,0.594202899,1.615876968,1.535031606
190,7,1.4,18,0.594202899,1.611839309,1.544634824
190,7,1.4,20,0.594202899,1.615021953,1.556370442
190,7,1.5,8,0.573770492,1.52612735,1.704959843
190,7,1.5,10,0.573770492,1.523031609,1.707574073
190,7,1.5,12,0.566666667,1.503768573,1.743833155
190,7,1.5,14,0.576271186,1.50924906,1.669584094
190,8,1.3,4,0.6,1.768273859,1.516478952
190,8,1.3,6,0.592105263,1.773987994,1.577226469
190,8,1.3,8,0.592105263,1.828071151,1.605480295
190,8,1.3,10,0.6,1.821650682,1.570443631
190,8,1.3,12,0.6,1.833338315,1.56694688
190,8,1.3,14,0.608108108,1.837042001,1.521142832
190,8,1.3,16,0.608108108,1.829165109,1.52351603
190,8,1.3,18,0.608108108,1.828382705,1.515173053
190,8,1.3,20,0.608108108,1.826467795,1.5164613
190,8,1.4,8,0.564516129,1.529123938,1.618300687
190,8,1.4,10,0.564516129,1.516966356,1.629820788
190,8,1.4,12,0.564516129,1.523938701,1.633190418
190,8,1.4,14,0.573770492,1.529955418,1.571213324
190,8,1.4,16,0.573770492,1.522338226,1.557702891
190,8,1.4,18,0.573770492,1.528599033,1.559567024
190,8,1.4,20,0.573770492,1.525440909,1.56803235
190,9,1.3,4,0.553846154,1.530610731,1.543021423
190,9,1.3,10,0.553846154,1.572895205,1.621000143
190,9,1.3,16,0.553846154,1.582884142,1.601851751
190,9,1.3,18,0.553846154,1.585403676,1.604314552
190,10,1.2,12,0.564516129,1.500321942,1.506125017
190,10,1.2,20,0.564516129,1.502726663,1.502087786
190,10,1.3,14,0.568965517,1.506720796,1.543368524
190,10,1.3,16,0.578947368,1.500606412,1.509917845
190,10,1.3,18,0.578947368,1.503568194,1.512552598
190,10,1.3,20,0.568965517,1.503759034,1.558272033
190,11,1.3,12,0.555555556,1.500851011,1.735498137
190,11,1.3,14,0.566037736,1.50047877,1.661947937
190,11,1.3,20,0.566037736,1.506432794,1.682247735
190,17,1.7,4,0.566666667,1.518440254,2.251833522
190,17,1.8,4,0.571428571,1.532258361,2.295527058
190,17,1.8,8,0.551724138,1.522988868,2.65437341
190,17,1.8,10,0.551724138,1.528506068,2.712198446
190,17,1.8,12,0.551724138,1.525916964,2.69754498
190,17,1.8,14,0.551724138,1.527618637,2.702240219
190,17,1.8,16,0.551724138,1.521416715,2.635843432
190,17,1.8,18,0.551724138,1.523261342,2.644181262
190,17,1.8,20,0.551724138,1.520076709,2.659720359
190,20,1.8,4,0.56,1.566235066,2.513988328
200,7,1.4,8,0.585714286,1.551821425,1.54424856
200,7,1.4,10,0.585714286,1.555018563,1.549638219
200,7,1.4,12,0.579710145,1.541825404,1.57808605
200,7,1.4,14,0.579710145,1.545328932,1.543680706
200,7,1.4,16,0.579710145,1.537109028,1.518104366
200,7,1.4,18,0.579710145,1.534067652,1.526911644
200,7,1.4,20,0.579710145,1.53791702,1.540945568
200,8,1.3,6,0.578947368,1.678539948,1.561163544
200,8,1.3,8,0.578947368,1.735689602,1.588098532
200,8,1.3,10,0.586666667,1.730502973,1.549748129
200,8,1.3,12,0.586666667,1.742131137,1.547421222
200,8,1.3,14,0.594594595,1.746254168,1.506846394
200,8,1.3,16,0.594594595,1.739830464,1.507865912
200,8,1.3,20,0.594594595,1.740340804,1.501531661
210,7,1.4,8,0.585714286,1.551821425,1.54424856
210,7,1.4,10,0.585714286,1.555018563,1.549638219
210,7,1.4,12,0.579710145,1.541825404,1.57808605
210,7,1.4,14,0.579710145,1.545328932,1.543680706
210,7,1.4,16,0.579710145,1.537109028,1.518104366
210,7,1.4,18,0.579710145,1.534067652,1.526911644
210,7,1.4,20,0.579710145,1.53791702,1.540945568
210,8,1.3,6,0.578947368,1.678539948,1.561163544
210,8,1.3,8,0.578947368,1.735689602,1.588098532
210,8,1.3,10,0.586666667,1.730502973,1.549748129
210,8,1.3,12,0.586666667,1.742131137,1.547421222
210,8,1.3,14,0.594594595,1.746254168,1.506846394
210,8,1.3,16,0.594594595,1.739830464,1.507865912
210,8,1.3,20,0.594594595,1.740340804,1.501531661
220,8,1.3,4,0.581081081,1.612933305,1.507563006
220,8,1.3,6,0.565789474,1.585142644,1.567047376
220,8,1.3,8,0.565789474,1.646228051,1.592204201
220,8,1.3,10,0.573333333,1.645686426,1.553021863
220,8,1.3,12,0.573333333,1.65999801,1.54979872
220,8,1.3,14,0.581081081,1.660581133,1.507399594
220,8,1.3,16,0.581081081,1.656527636,1.507161344
220,17,1.7,4,0.5625,1.529684841,2.181531054
220,17,1.8,4,0.566666667,1.543605277,2.218518943
220,18,1.8,4,0.551724138,1.506972835,2.237698565
230,6,1.4,6,0.628205128,1.641613605,1.502312921
230,8,1.3,4,0.583333333,1.658090299,1.544121409
230,8,1.3,6,0.567567568,1.622002249,1.604967569
230,8,1.3,8,0.567567568,1.679379264,1.630756412
230,8,1.3,10,0.575342466,1.677491976,1.590711659
230,8,1.3,12,0.575342466,1.694701368,1.587485895
230,8,1.3,14,0.583333333,1.696591596,1.544109909
230,8,1.3,16,0.583333333,1.693661176,1.54383084
230,8,1.3,18,0.583333333,1.693870972,1.533099001
230,8,1.3,20,0.583333333,1.693817756,1.535236121
230,17,1.7,4,0.566666667,1.52646203,2.242333475
230,17,1.8,4,0.571428571,1.540353137,2.285433258
230,18,1.8,4,0.555555556,1.503797874,2.310352475
240,6,1.4,6,0.628205128,1.641613605,1.502312921
240,8,1.3,4,0.583333333,1.658090299,1.544121409
240,8,1.3,6,0.567567568,1.622002249,1.604967569
240,8,1.3,8,0.567567568,1.679379264,1.630756412
240,8,1.3,10,0.575342466,1.677491976,1.590711659
240,8,1.3,12,0.575342466,1.694701368,1.587485895
240,8,1.3,14,0.583333333,1.696591596,1.544109909
240,8,1.3,16,0.583333333,1.693661176,1.54383084
240,8,1.3,18,0.583333333,1.693870972,1.533099001
240,8,1.3,20,0.583333333,1.693817756,1.535236121
240,17,1.7,4,0.566666667,1.52646203,2.242333475
240,17,1.8,4,0.571428571,1.540353137,2.285433258
240,18,1.8,4,0.555555556,1.503797874,2.310352475
